Emp_ID,First_Name,Second_Name,Last_Name,Department,Email,PhoneNumber,Emp_Role
1,Ashley,Paul,Smith,Technical Support,ashley.smith@Alahli.com,597494760,Manager
2,Jeffrey,Jessica,Phillips,Billing,jeffrey.phillips@Alahli.com,581123891,Agent
3,Kelly,Cameron,James,Technical Support,kelly.james@Alahli.com,528318594,Administrator
4,Jason,Christina,Castillo,Technical Support,jason.castillo@Alahli.com,531223494,Administrator
5,Francisco,Austin,Duran,Customer Support,francisco.duran@Alahli.com,557841659,Manager
6,Jenna,Autumn,Campbell,Customer Support,jenna.campbell@Alahli.com,562287165,Agent
7,Jennifer,Derek,Moreno,Customer Support,jennifer.moreno@Alahli.com,515402446,Agent
8,Brandon,Lori,Lowery,Customer Support,brandon.lowery@Alahli.com,512751361,Agent
9,Barbara,Eric,Lewis,Technical Support,barbara.lewis@Alahli.com,545956109,Agent
10,Christopher,Michael,Powell,Billing,christopher.powell@Alahli.com,556799089,Agent
11,Judy,David,Price,Technical Support,judy.price@Alahli.com,540678871,Manager
12,Amber,Janice,Miller,Customer Support,amber.miller@Alahli.com,577904540,Manager
13,William,Jordan,Sullivan,Customer Support,william.sullivan@Alahli.com,530111798,Administrator
14,Maria,Tamara,Phillips,Billing,maria.phillips@Alahli.com,540276770,Manager
15,Luis,David,Palmer,Customer Support,luis.palmer@Alahli.com,528919979,Administrator
16,Brad,Jared,Thompson,Billing,brad.thompson@Alahli.com,596090313,Manager
17,Tommy,Eric,Brown,Billing,tommy.brown@Alahli.com,551316823,Manager
18,Scott,Jennifer,Mcmahon,Customer Support,scott.mcmahon@Alahli.com,597194062,Administrator
19,Douglas,Kayla,Morrison,Billing,douglas.morrison@Alahli.com,516334400,Manager
20,Anna,Kylie,Dominguez,Customer Support,anna.dominguez@Alahli.com,559691349,Manager
21,Cody,Maria,Johnson,Technical Support,cody.johnson@Alahli.com,544468567,Administrator
22,Megan,Jesse,Smith,Customer Support,megan.smith@Alahli.com,555024710,Agent
23,Tracy,Thomas,Bell,Technical Support,tracy.bell@Alahli.com,562406568,Administrator
24,Micheal,Charles,Mcpherson,Billing,micheal.mcpherson@Alahli.com,547504035,Administrator
25,Tamara,Cassandra,Hernandez,Technical Support,tamara.hernandez@Alahli.com,559404382,Administrator
26,Kevin,Crystal,Wells,Technical Support,kevin.wells@Alahli.com,537717678,Agent
27,Brian,Brian,Davis,Billing,brian.davis@Alahli.com,557558043,Administrator
28,Lawrence,Gordon,Hunter,Customer Support,lawrence.hunter@Alahli.com,557131590,Administrator
29,Shawn,Lisa,Moore,Billing,shawn.moore@Alahli.com,521116983,Administrator
30,Anthony,Amber,Callahan,Technical Support,anthony.callahan@Alahli.com,525561860,Administrator
31,Julia,George,Fields,Technical Support,julia.fields@Alahli.com,575050892,Administrator
32,Laura,Donald,Foster,Technical Support,laura.foster@Alahli.com,552399803,Manager
33,Morgan,Amber,Smith,Technical Support,morgan.smith@Alahli.com,538592897,Agent
34,Alejandra,Tiffany,Brown,Customer Support,alejandra.brown@Alahli.com,586402765,Manager
35,Christian,Melissa,Richards,Billing,christian.richards@Alahli.com,526012015,Administrator
36,Kevin,Henry,Jones,Technical Support,kevin.jones@Alahli.com,543732213,Manager
37,Olivia,Jason,Trevino,Customer Support,olivia.trevino@Alahli.com,578883854,Agent
38,Caitlin,Tracy,Zavala,Technical Support,caitlin.zavala@Alahli.com,510215444,Agent
39,Roy,Louis,Day,Billing,roy.day@Alahli.com,517744229,Administrator
40,Tiffany,Angela,Haas,Technical Support,tiffany.haas@Alahli.com,564715536,Agent
41,Jamie,Leslie,Camacho,Billing,jamie.camacho@Alahli.com,579164657,Administrator
42,Christopher,Gail,Miller,Billing,christopher.miller@Alahli.com,575006144,Administrator
43,Tracy,James,Ferrell,Technical Support,tracy.ferrell@Alahli.com,554390894,Administrator
44,Carol,Dennis,Whitaker,Billing,carol.whitaker@Alahli.com,521433396,Administrator
45,Gregory,Elizabeth,Bailey,Billing,gregory.bailey@Alahli.com,539863301,Manager
46,Isaac,Robert,Kelly,Customer Support,isaac.kelly@Alahli.com,523545901,Administrator
47,Angela,Thomas,Gross,Billing,angela.gross@Alahli.com,565101575,Manager
48,Kimberly,Kyle,Figueroa,Billing,kimberly.figueroa@Alahli.com,545395666,Administrator
49,Thomas,Desiree,Hill,Customer Support,thomas.hill@Alahli.com,552368616,Manager
50,Heidi,Taylor,Wilson,Customer Support,heidi.wilson@Alahli.com,591874359,Manager
51,Sarah,Felicia,Ruiz,Technical Support,sarah.ruiz@Alahli.com,565004440,Agent
52,Robin,Jessica,Robinson,Billing,robin.robinson@Alahli.com,599194124,Agent
53,Brad,Peggy,Allen,Customer Support,brad.allen@Alahli.com,598089480,Agent
54,Jacob,William,Mccarthy,Customer Support,jacob.mccarthy@Alahli.com,571398708,Manager
55,Miguel,Jessica,Smith,Technical Support,miguel.smith@Alahli.com,521438998,Administrator
56,Jeffery,Kenneth,Anderson,Billing,jeffery.anderson@Alahli.com,548970366,Manager
57,Mitchell,Jordan,Conley,Technical Support,mitchell.conley@Alahli.com,581412934,Manager
58,Barbara,Fred,Davis,Technical Support,barbara.davis@Alahli.com,540390256,Administrator
59,Daniel,Raymond,Medina,Customer Support,daniel.medina@Alahli.com,526295219,Administrator
60,Christopher,Molly,Brewer,Customer Support,christopher.brewer@Alahli.com,560267062,Manager
61,Jeremy,Traci,Garcia,Technical Support,jeremy.garcia@Alahli.com,589481317,Agent
62,Christine,Ruben,Koch,Billing,christine.koch@Alahli.com,558277873,Manager
63,Lauren,Gabrielle,Riley,Billing,lauren.riley@Alahli.com,543197353,Administrator
64,John,Donald,Smith,Billing,john.smith@Alahli.com,518962356,Agent
65,Glenn,Darin,Deleon,Billing,glenn.deleon@Alahli.com,530782141,Manager
66,Martin,James,Brown,Customer Support,martin.brown@Alahli.com,546998694,Agent
67,Lisa,Daniel,Collins,Customer Support,lisa.collins@Alahli.com,573319438,Administrator
68,Tracy,Michael,Cooke,Customer Support,tracy.cooke@Alahli.com,588120509,Manager
69,Desiree,Nicholas,Patterson,Customer Support,desiree.patterson@Alahli.com,575418619,Administrator
70,Eric,Danny,Ellis,Billing,eric.ellis@Alahli.com,551322295,Administrator
71,Danielle,Nathan,Davenport,Billing,danielle.davenport@Alahli.com,570896518,Administrator
72,Lisa,Jillian,Bates,Customer Support,lisa.bates@Alahli.com,557848405,Administrator
73,Jacqueline,Tiffany,Vazquez,Customer Support,jacqueline.vazquez@Alahli.com,593951968,Agent
74,Amy,Jenna,Young,Technical Support,amy.young@Alahli.com,516743627,Administrator
75,Courtney,Brandi,Moore,Technical Support,courtney.moore@Alahli.com,530385560,Administrator
76,Patrick,Glenn,Young,Customer Support,patrick.young@Alahli.com,564145750,Administrator
77,Emma,Nathan,Watson,Billing,emma.watson@Alahli.com,552279588,Manager
78,David,Lydia,Morris,Technical Support,david.morris@Alahli.com,513681135,Agent
79,Joshua,Elizabeth,Diaz,Customer Support,joshua.diaz@Alahli.com,517646140,Administrator
80,Christopher,Stephanie,Maynard,Billing,christopher.maynard@Alahli.com,538955773,Manager
81,Patricia,Scott,Baker,Technical Support,patricia.baker@Alahli.com,529889344,Manager
82,Michael,Cassandra,Irwin,Technical Support,michael.irwin@Alahli.com,542642298,Agent
83,Kathryn,Gabriella,Cooper,Technical Support,kathryn.cooper@Alahli.com,544991431,Administrator
84,Keith,Brandon,Martin,Billing,keith.martin@Alahli.com,577949552,Administrator
85,Wendy,Tony,Blanchard,Billing,wendy.blanchard@Alahli.com,517351265,Administrator
86,Daniel,Stephanie,Martin,Technical Support,daniel.martin@Alahli.com,582319723,Administrator
87,Lori,Lauren,Moore,Customer Support,lori.moore@Alahli.com,518164607,Agent
88,Glenn,Kristin,Webster,Customer Support,glenn.webster@Alahli.com,558636742,Administrator
89,Steven,Karen,Kim,Technical Support,steven.kim@Alahli.com,517307513,Administrator
90,Nicole,Ryan,Johnson,Billing,nicole.johnson@Alahli.com,590883130,Administrator
91,Amanda,Victoria,Martin,Customer Support,amanda.martin@Alahli.com,579296667,Manager
92,Kathy,Jesus,Richardson,Billing,kathy.richardson@Alahli.com,561104527,Manager
93,Jennifer,Janice,Fletcher,Billing,jennifer.fletcher@Alahli.com,555597516,Agent
94,Lisa,Jacob,Johnson,Customer Support,lisa.johnson@Alahli.com,532383238,Manager
95,Joel,Jimmy,Zimmerman,Technical Support,joel.zimmerman@Alahli.com,553930624,Administrator
96,Jesse,Rhonda,Johnson,Billing,jesse.johnson@Alahli.com,539760126,Manager
97,Theresa,James,Ward,Billing,theresa.ward@Alahli.com,541991719,Manager
98,Ethan,Shane,Salazar,Customer Support,ethan.salazar@Alahli.com,528353943,Administrator
99,Virginia,Eric,Chaney,Billing,virginia.chaney@Alahli.com,573487488,Administrator
100,Robert,Jon,Edwards,Billing,robert.edwards@Alahli.com,590601698,Agent
101,Patrick,Evan,Moore,Customer Support,patrick.moore@Alahli.com,567106841,Manager
102,Dennis,Christy,Peterson,Technical Support,dennis.peterson@Alahli.com,577826262,Agent
103,Allison,Jamie,Williamson,Technical Support,allison.williamson@Alahli.com,510808763,Administrator
104,Brandi,Pedro,Schmidt,Technical Support,brandi.schmidt@Alahli.com,550340468,Agent
105,Paul,Cheryl,Nichols,Billing,paul.nichols@Alahli.com,536260502,Manager
106,Amanda,Amber,Lopez,Technical Support,amanda.lopez@Alahli.com,590179284,Manager
107,Stephanie,Robert,Cox,Customer Support,stephanie.cox@Alahli.com,546760460,Agent
108,Nicholas,Brandon,Gutierrez,Customer Support,nicholas.gutierrez@Alahli.com,575945025,Administrator
109,Austin,Ronald,Campbell,Technical Support,austin.campbell@Alahli.com,511400357,Administrator
110,Amanda,Diana,Watson,Customer Support,amanda.watson@Alahli.com,566274018,Manager
111,Peggy,Timothy,Potter,Billing,peggy.potter@Alahli.com,540467261,Agent
112,Jennifer,Laurie,Austin,Customer Support,jennifer.austin@Alahli.com,597329577,Manager
113,Kimberly,George,Parker,Billing,kimberly.parker@Alahli.com,547958592,Manager
114,Kendra,Casey,Robbins,Customer Support,kendra.robbins@Alahli.com,584519594,Administrator
115,Heather,Kelli,Hicks,Technical Support,heather.hicks@Alahli.com,583763102,Administrator
116,Jason,Jordan,Casey,Technical Support,jason.casey@Alahli.com,596259298,Administrator
117,Shari,Wendy,Parsons,Customer Support,shari.parsons@Alahli.com,563202210,Manager
118,Dawn,Mason,Parker,Customer Support,dawn.parker@Alahli.com,552212684,Agent
119,Thomas,Clinton,Nguyen,Customer Support,thomas.nguyen@Alahli.com,526984302,Manager
120,Ashley,Curtis,Simpson,Billing,ashley.simpson@Alahli.com,528094410,Administrator
121,Douglas,Jennifer,Wells,Technical Support,douglas.wells@Alahli.com,552328831,Manager
122,James,Theresa,Neal,Customer Support,james.neal@Alahli.com,535720908,Manager
123,Donna,Kenneth,Serrano,Technical Support,donna.serrano@Alahli.com,518273253,Agent
124,April,Dwayne,Johnson,Technical Support,april.johnson@Alahli.com,531608938,Agent
125,David,Carla,Thomas,Technical Support,david.thomas@Alahli.com,548683545,Administrator
126,Stacy,Dana,Wood,Billing,stacy.wood@Alahli.com,588967160,Manager
127,Brooke,John,Baker,Customer Support,brooke.baker@Alahli.com,593763138,Manager
128,Robert,Ross,Bowers,Customer Support,robert.bowers@Alahli.com,574286559,Manager
129,Denise,Evelyn,Anderson,Billing,denise.anderson@Alahli.com,563500669,Manager
130,Jordan,Dawn,Stein,Technical Support,jordan.stein@Alahli.com,555829134,Administrator
131,William,Mark,Fischer,Customer Support,william.fischer@Alahli.com,567013036,Administrator
132,Marcus,Susan,Hall,Technical Support,marcus.hall@Alahli.com,564385739,Administrator
133,Wendy,Briana,Taylor,Customer Support,wendy.taylor@Alahli.com,573126660,Agent
134,Mindy,Kelsey,Shannon,Billing,mindy.shannon@Alahli.com,547901854,Manager
135,Robert,Brian,Watkins,Billing,robert.watkins@Alahli.com,548639989,Administrator
136,Sonya,Natalie,Goodwin,Billing,sonya.goodwin@Alahli.com,587113610,Administrator
137,Diane,Michele,Parsons,Billing,diane.parsons@Alahli.com,564463963,Manager
138,Desiree,Jessica,Le,Billing,desiree.le@Alahli.com,525939709,Manager
139,Amanda,Christopher,Young,Customer Support,amanda.young@Alahli.com,571663109,Manager
140,Rodney,Rodney,Bass,Customer Support,rodney.bass@Alahli.com,522458479,Administrator
141,Stephanie,Paul,Daniels,Technical Support,stephanie.daniels@Alahli.com,541038565,Agent
142,Robert,Lisa,Sawyer,Technical Support,robert.sawyer@Alahli.com,522116586,Manager
143,Sheila,Shelby,Wallace,Technical Support,sheila.wallace@Alahli.com,572925263,Manager
144,Michael,Jennifer,Collins,Technical Support,michael.collins@Alahli.com,557512243,Administrator
145,William,Carla,Griffin,Technical Support,william.griffin@Alahli.com,533928911,Agent
146,Mary,Daniel,Payne,Billing,mary.payne@Alahli.com,544731233,Manager
147,Mark,Bruce,Noble,Technical Support,mark.noble@Alahli.com,537870300,Manager
148,Michael,Christian,Parker,Customer Support,michael.parker@Alahli.com,538431143,Administrator
149,John,Sandra,Foster,Billing,john.foster@Alahli.com,565591104,Administrator
150,Tonya,Michelle,Smith,Billing,tonya.smith@Alahli.com,526720948,Agent
151,Bobby,Katie,Branch,Customer Support,bobby.branch@Alahli.com,596443425,Agent
152,Kendra,Kristen,Palmer,Customer Support,kendra.palmer@Alahli.com,521540724,Manager
153,Jacob,Brianna,Johnson,Billing,jacob.johnson@Alahli.com,560766569,Agent
154,Mark,Nicholas,Ross,Technical Support,mark.ross@Alahli.com,584506823,Manager
155,Alice,Tricia,Robertson,Billing,alice.robertson@Alahli.com,532318875,Administrator
156,James,Daniel,Young,Customer Support,james.young@Alahli.com,531823965,Administrator
157,Christina,Shawn,Patel,Technical Support,christina.patel@Alahli.com,581441689,Agent
158,Amber,Steven,Bailey,Technical Support,amber.bailey@Alahli.com,594851305,Administrator
159,Rachel,Donald,Ball,Billing,rachel.ball@Alahli.com,571217389,Administrator
160,Kelly,Sara,Clements,Billing,kelly.clements@Alahli.com,573961124,Administrator
161,Catherine,David,Randall,Billing,catherine.randall@Alahli.com,539631312,Manager
162,Patricia,Ronnie,Ford,Technical Support,patricia.ford@Alahli.com,573026223,Agent
163,Tiffany,Evan,Alvarado,Technical Support,tiffany.alvarado@Alahli.com,562438390,Administrator
164,Jennifer,Alexandra,Riley,Billing,jennifer.riley@Alahli.com,588159169,Administrator
165,William,Christina,Lynch,Customer Support,william.lynch@Alahli.com,560833175,Agent
166,Eric,Christopher,Hunt,Customer Support,eric.hunt@Alahli.com,592710140,Administrator
167,Kathryn,Christopher,Gonzales,Technical Support,kathryn.gonzales@Alahli.com,563957328,Agent
168,Victoria,Steven,Wright,Customer Support,victoria.wright@Alahli.com,545390353,Administrator
169,Kevin,Amanda,Davis,Billing,kevin.davis@Alahli.com,567518473,Agent
170,Megan,Amy,Hall,Billing,megan.hall@Alahli.com,540852583,Agent
171,Edward,Linda,Fisher,Technical Support,edward.fisher@Alahli.com,529651888,Agent
172,Jonathan,Colleen,Paul,Customer Support,jonathan.paul@Alahli.com,510606160,Administrator
173,Anna,Lisa,Lewis,Customer Support,anna.lewis@Alahli.com,540083187,Manager
174,Alexandra,Thomas,Sullivan,Technical Support,alexandra.sullivan@Alahli.com,597339946,Agent
175,Angela,Susan,Richards,Billing,angela.richards@Alahli.com,540287228,Administrator
176,Brenda,Stephen,Hudson,Billing,brenda.hudson@Alahli.com,528071134,Agent
177,Teresa,Thomas,Wong,Customer Support,teresa.wong@Alahli.com,561407393,Manager
178,Timothy,Gregory,Williams,Customer Support,timothy.williams@Alahli.com,585290121,Agent
179,Jason,Clarence,Harris,Customer Support,jason.harris@Alahli.com,585433054,Administrator
180,Cindy,Joshua,Johnson,Customer Support,cindy.johnson@Alahli.com,553877297,Administrator
181,Courtney,Daniel,Stephens,Technical Support,courtney.stephens@Alahli.com,568562177,Manager
182,Bryan,Douglas,Hopkins,Billing,bryan.hopkins@Alahli.com,584043363,Manager
183,Dana,Patrick,Meyers,Customer Support,dana.meyers@Alahli.com,553925881,Agent
184,Todd,Maria,Sanchez,Billing,todd.sanchez@Alahli.com,545291786,Administrator
185,Jill,Alexa,Buckley,Technical Support,jill.buckley@Alahli.com,587069199,Agent
186,Eric,Gavin,Davis,Customer Support,eric.davis@Alahli.com,541689162,Administrator
187,David,Kristen,Jensen,Customer Support,david.jensen@Alahli.com,532663885,Agent
188,Melinda,Terri,Hunt,Technical Support,melinda.hunt@Alahli.com,571860528,Administrator
189,Anthony,William,Roach,Customer Support,anthony.roach@Alahli.com,519257145,Manager
190,Joseph,Tyler,Padilla,Customer Support,joseph.padilla@Alahli.com,555400190,Manager
191,Alexis,Elizabeth,Buchanan,Customer Support,alexis.buchanan@Alahli.com,538152336,Agent
192,Brent,Renee,Warren,Billing,brent.warren@Alahli.com,595145689,Agent
193,Karen,Wendy,Lewis,Billing,karen.lewis@Alahli.com,532297727,Administrator
194,George,Patricia,Rasmussen,Billing,george.rasmussen@Alahli.com,585294847,Administrator
195,Wayne,Vanessa,Sellers,Billing,wayne.sellers@Alahli.com,572738573,Administrator
196,Alyssa,Dillon,Price,Customer Support,alyssa.price@Alahli.com,581529797,Manager
197,Nicole,Jessica,Baird,Customer Support,nicole.baird@Alahli.com,531963775,Administrator
198,Luke,Kathy,Smith,Customer Support,luke.smith@Alahli.com,589892708,Administrator
199,Jeffrey,Bradley,Simpson,Customer Support,jeffrey.simpson@Alahli.com,591827774,Manager
200,Kyle,Linda,Parker,Billing,kyle.parker@Alahli.com,533855082,Agent
201,Ian,Tracy,Mullen,Technical Support,ian.mullen@Alahli.com,585806887,Manager
202,Robin,Jennifer,Stafford,Technical Support,robin.stafford@Alahli.com,578908971,Administrator
203,Stephanie,Steven,Jimenez,Technical Support,stephanie.jimenez@Alahli.com,511964926,Agent
204,Cynthia,Teresa,Gordon,Customer Support,cynthia.gordon@Alahli.com,583506204,Agent
205,Danielle,Jenny,Lewis,Customer Support,danielle.lewis@Alahli.com,537808229,Administrator
206,Jennifer,Thomas,Hernandez,Customer Support,jennifer.hernandez@Alahli.com,528184775,Manager
207,Natalie,Amanda,Thomas,Customer Support,natalie.thomas@Alahli.com,524528237,Agent
208,Kelly,Wendy,Brown,Technical Support,kelly.brown@Alahli.com,593724985,Administrator
209,Derrick,Jennifer,Humphrey,Customer Support,derrick.humphrey@Alahli.com,569841233,Manager
210,Barbara,Robin,Monroe,Billing,barbara.monroe@Alahli.com,582267611,Administrator
211,Gary,Cheryl,Davis,Billing,gary.davis@Alahli.com,519634873,Agent
212,Theresa,Matthew,Graves,Technical Support,theresa.graves@Alahli.com,528258643,Agent
213,Samuel,Kyle,Harvey,Billing,samuel.harvey@Alahli.com,558500800,Agent
214,Thomas,Paul,Payne,Billing,thomas.payne@Alahli.com,542554298,Manager
215,Jeffrey,Katrina,Morgan,Technical Support,jeffrey.morgan@Alahli.com,545414130,Administrator
216,Michael,Linda,Mullins,Technical Support,michael.mullins@Alahli.com,556941021,Administrator
217,Brian,Ashley,Williams,Customer Support,brian.williams@Alahli.com,559544189,Agent
218,Jack,Jeremy,Anderson,Technical Support,jack.anderson@Alahli.com,543661156,Agent
219,Larry,James,Morgan,Customer Support,larry.morgan@Alahli.com,523462098,Agent
220,Anthony,Ronnie,Evans,Customer Support,anthony.evans@Alahli.com,556897083,Administrator
221,Tracey,Jennifer,Smith,Technical Support,tracey.smith@Alahli.com,527478737,Administrator
222,Steven,Jessica,Hernandez,Technical Support,steven.hernandez@Alahli.com,582297524,Agent
223,Heather,Marc,Graham,Technical Support,heather.graham@Alahli.com,512183482,Agent
224,Mark,Rachel,Daniels,Technical Support,mark.daniels@Alahli.com,530914906,Administrator
225,Emily,Christine,Potter,Customer Support,emily.potter@Alahli.com,539879434,Agent
226,Patricia,Charles,Sanders,Customer Support,patricia.sanders@Alahli.com,528338986,Administrator
227,James,Shannon,Smith,Customer Support,james.smith@Alahli.com,589857902,Agent
228,Timothy,Jacob,Barron,Customer Support,timothy.barron@Alahli.com,596646785,Agent
229,Lance,Daniel,Gonzales,Technical Support,lance.gonzales@Alahli.com,545933890,Agent
230,Tracy,Ronnie,Scott,Technical Support,tracy.scott@Alahli.com,579297452,Agent
231,Julie,John,Edwards,Technical Support,julie.edwards@Alahli.com,532329621,Agent
232,Mary,Christopher,Hernandez,Customer Support,mary.hernandez@Alahli.com,511956213,Manager
233,Patricia,Glenn,Mccall,Customer Support,patricia.mccall@Alahli.com,557624163,Administrator
234,Stephanie,Dylan,Hamilton,Billing,stephanie.hamilton@Alahli.com,513418841,Manager
235,Frederick,Mark,Henry,Customer Support,frederick.henry@Alahli.com,592990692,Agent
236,Robert,Christine,Ruiz,Customer Support,robert.ruiz@Alahli.com,546250898,Administrator
237,Joseph,Nicholas,Rivera,Technical Support,joseph.rivera@Alahli.com,578596110,Administrator
238,Betty,Larry,Duffy,Billing,betty.duffy@Alahli.com,574087084,Agent
239,Jacqueline,Donald,Jennings,Billing,jacqueline.jennings@Alahli.com,556705523,Agent
240,Molly,Marissa,Mcdonald,Customer Support,molly.mcdonald@Alahli.com,582785518,Manager
241,Jasmine,James,Brennan,Technical Support,jasmine.brennan@Alahli.com,533501072,Administrator
242,Erin,Melvin,Mills,Customer Support,erin.mills@Alahli.com,593764913,Agent
243,Joshua,Mary,Garza,Customer Support,joshua.garza@Alahli.com,528089916,Agent
244,Jeffrey,Sergio,Walker,Technical Support,jeffrey.walker@Alahli.com,526112800,Agent
245,Peter,David,Sexton,Customer Support,peter.sexton@Alahli.com,593066379,Manager
246,Danielle,Amanda,Gonzalez,Customer Support,danielle.gonzalez@Alahli.com,588033458,Administrator
247,Evan,Taylor,Gonzalez,Customer Support,evan.gonzalez@Alahli.com,590707492,Agent
248,Brandon,Jordan,Cunningham,Technical Support,brandon.cunningham@Alahli.com,525372801,Manager
249,Laurie,Nicole,Garcia,Billing,laurie.garcia@Alahli.com,547118867,Agent
250,Rita,Jason,Rojas,Technical Support,rita.rojas@Alahli.com,571040919,Manager
251,Kevin,Donald,Nelson,Technical Support,kevin.nelson@Alahli.com,534574340,Administrator
252,Derek,Amber,Foster,Customer Support,derek.foster@Alahli.com,576820257,Manager
253,Christy,Angela,Kelly,Billing,christy.kelly@Alahli.com,591899690,Administrator
254,Lisa,Nicole,Glenn,Technical Support,lisa.glenn@Alahli.com,545930484,Manager
255,Rebecca,Kelly,Schneider,Customer Support,rebecca.schneider@Alahli.com,517644988,Agent
256,Samantha,Brian,Holmes,Customer Support,samantha.holmes@Alahli.com,561347769,Agent
257,Nathan,Jeffrey,Williams,Technical Support,nathan.williams@Alahli.com,535517932,Administrator
258,Joseph,Erin,Whitehead,Technical Support,joseph.whitehead@Alahli.com,555059829,Agent
259,Emily,Stacy,Potts,Customer Support,emily.potts@Alahli.com,576376446,Manager
260,Tristan,Ashley,Rodriguez,Billing,tristan.rodriguez@Alahli.com,566204464,Agent
261,William,Philip,Hayes,Customer Support,william.hayes@Alahli.com,527379904,Administrator
262,Mark,Toni,Bryan,Technical Support,mark.bryan@Alahli.com,573408312,Administrator
263,Debbie,Marie,Webb,Billing,debbie.webb@Alahli.com,566442812,Agent
264,Brandon,Caitlyn,Montgomery,Billing,brandon.montgomery@Alahli.com,542593048,Administrator
265,Ashley,Holly,Carter,Technical Support,ashley.carter@Alahli.com,553625478,Agent
266,Tamara,Jennifer,Hess,Billing,tamara.hess@Alahli.com,535141980,Agent
267,Kristina,Patrick,Burns,Billing,kristina.burns@Alahli.com,581692735,Administrator
268,Alexandra,Patrick,Doyle,Customer Support,alexandra.doyle@Alahli.com,534842317,Agent
269,Mitchell,Charles,Evans,Billing,mitchell.evans@Alahli.com,527255426,Manager
270,Marissa,Lori,Turner,Technical Support,marissa.turner@Alahli.com,594915163,Administrator
271,Laura,Jessica,Henry,Billing,laura.henry@Alahli.com,510280173,Agent
272,Logan,Jason,Logan,Billing,logan.logan@Alahli.com,573072296,Manager
273,Sara,Anne,Castillo,Customer Support,sara.castillo@Alahli.com,533326593,Manager
274,Ashley,Terrance,Moran,Billing,ashley.moran@Alahli.com,543779348,Agent
275,Angela,Chad,Miller,Technical Support,angela.miller@Alahli.com,537905359,Manager
276,Mary,Cynthia,Walker,Billing,mary.walker@Alahli.com,585896290,Manager
277,Richard,Andrew,Evans,Billing,richard.evans@Alahli.com,558217182,Agent
278,Deborah,Peter,King,Customer Support,deborah.king@Alahli.com,561250879,Agent
279,Ashley,Kevin,Powell,Billing,ashley.powell@Alahli.com,540602491,Manager
280,William,Matthew,Quinn,Billing,william.quinn@Alahli.com,512380494,Administrator
281,Natasha,Jeffrey,Wilson,Billing,natasha.wilson@Alahli.com,548777022,Administrator
282,Kevin,Jasmine,Morgan,Technical Support,kevin.morgan@Alahli.com,516885619,Administrator
283,David,Vincent,Torres,Billing,david.torres@Alahli.com,537918711,Agent
284,Charles,Richard,Marquez,Technical Support,charles.marquez@Alahli.com,514256410,Manager
285,Jacqueline,Laura,Johnson,Technical Support,jacqueline.johnson@Alahli.com,564474156,Manager
286,Keith,John,Pruitt,Billing,keith.pruitt@Alahli.com,579036977,Manager
287,Charles,Ryan,Shaw,Billing,charles.shaw@Alahli.com,579154323,Agent
288,Lindsay,Brad,Evans,Customer Support,lindsay.evans@Alahli.com,550698912,Manager
289,Michael,Ashley,Hughes,Customer Support,michael.hughes@Alahli.com,527489708,Agent
290,Thomas,Mary,Boyd,Technical Support,thomas.boyd@Alahli.com,542281017,Administrator
291,Ryan,Lonnie,Baker,Technical Support,ryan.baker@Alahli.com,568879611,Administrator
292,Destiny,Lisa,Harrison,Customer Support,destiny.harrison@Alahli.com,529127017,Manager
293,Michael,Erica,Taylor,Billing,michael.taylor@Alahli.com,565389398,Agent
294,Danny,Lucas,Scott,Technical Support,danny.scott@Alahli.com,532419635,Manager
295,Curtis,Victoria,Yates,Billing,curtis.yates@Alahli.com,552720875,Administrator
296,Laura,Andrea,Griffith,Technical Support,laura.griffith@Alahli.com,557101872,Manager
297,Lacey,Daisy,Moore,Customer Support,lacey.moore@Alahli.com,570299358,Manager
298,Craig,Joshua,Harper,Technical Support,craig.harper@Alahli.com,526600574,Agent
299,Brandon,Shelley,Barnett,Technical Support,brandon.barnett@Alahli.com,595245597,Manager
300,Michael,Robert,Smith,Billing,michael.smith@Alahli.com,563290654,Manager
301,Misty,Kevin,Thompson,Customer Support,misty.thompson@Alahli.com,583126145,Manager
302,Gilbert,Sean,Carrillo,Billing,gilbert.carrillo@Alahli.com,523018574,Agent
303,Kristina,April,Smith,Billing,kristina.smith@Alahli.com,536177995,Manager
304,Jonathan,Alisha,Cox,Customer Support,jonathan.cox@Alahli.com,516878024,Manager
305,Katherine,Julie,Warren,Billing,katherine.warren@Alahli.com,511540990,Agent
306,Linda,Lori,Jackson,Billing,linda.jackson@Alahli.com,576910661,Administrator
307,Fernando,Travis,Smith,Technical Support,fernando.smith@Alahli.com,542036480,Administrator
308,Steven,Maria,Robertson,Customer Support,steven.robertson@Alahli.com,569015648,Manager
309,Andrew,Cole,Townsend,Billing,andrew.townsend@Alahli.com,541419165,Manager
310,Katherine,Tiffany,Frye,Technical Support,katherine.frye@Alahli.com,528506355,Manager
311,David,James,Waters,Customer Support,david.waters@Alahli.com,570842007,Agent
312,Jessica,Donna,Miller,Customer Support,jessica.miller@Alahli.com,551433679,Manager
313,Lucas,Regina,Anderson,Billing,lucas.anderson@Alahli.com,529094211,Agent
314,Catherine,Sarah,Freeman,Billing,catherine.freeman@Alahli.com,586574412,Manager
315,Nathan,Sandra,Torres,Customer Support,nathan.torres@Alahli.com,516440745,Administrator
316,Anita,Lucas,Price,Customer Support,anita.price@Alahli.com,573938091,Administrator
317,Samantha,Tracey,Smith,Technical Support,samantha.smith@Alahli.com,539058602,Manager
318,Justin,Tammy,Farley,Technical Support,justin.farley@Alahli.com,548587204,Agent
319,Alicia,Lisa,Taylor,Customer Support,alicia.taylor@Alahli.com,534798567,Administrator
320,Donna,Antonio,Combs,Technical Support,donna.combs@Alahli.com,529418384,Administrator
321,Theresa,Matthew,Perez,Technical Support,theresa.perez@Alahli.com,566989040,Administrator
322,Stacie,Melissa,Lang,Billing,stacie.lang@Alahli.com,530844767,Administrator
323,Thomas,Jill,Burch,Technical Support,thomas.burch@Alahli.com,588091974,Administrator
324,Charles,Tammy,Vasquez,Customer Support,charles.vasquez@Alahli.com,565883571,Manager
325,Charles,Matthew,Mitchell,Technical Support,charles.mitchell@Alahli.com,599150751,Administrator
326,Leonard,Ricky,Larson,Technical Support,leonard.larson@Alahli.com,571197012,Manager
327,Melissa,James,Jones,Customer Support,melissa.jones@Alahli.com,525174818,Administrator
328,Lisa,Melissa,Simmons,Customer Support,lisa.simmons@Alahli.com,598567930,Manager
329,Douglas,Paul,Burton,Billing,douglas.burton@Alahli.com,543073063,Administrator
330,Dillon,Diana,Watson,Customer Support,dillon.watson@Alahli.com,594735473,Manager
331,Erika,Bianca,Daniels,Technical Support,erika.daniels@Alahli.com,591461923,Agent
332,Keith,David,Palmer,Billing,keith.palmer@Alahli.com,536345021,Administrator
333,Melissa,Lisa,Peters,Technical Support,melissa.peters@Alahli.com,547982499,Agent
334,Victoria,Laura,Torres,Customer Support,victoria.torres@Alahli.com,591805829,Administrator
335,Justin,Abigail,Franklin,Billing,justin.franklin@Alahli.com,528933264,Administrator
336,Donna,Misty,Flores,Customer Support,donna.flores@Alahli.com,534770083,Agent
337,Karen,Jasmine,Elliott,Billing,karen.elliott@Alahli.com,572941069,Agent
338,Megan,Nathaniel,Stanley,Technical Support,megan.stanley@Alahli.com,589158249,Agent
339,Erika,Marissa,Daniels,Customer Support,erika.daniels@Alahli.com,510651364,Manager
340,Todd,Crystal,Herring,Customer Support,todd.herring@Alahli.com,588923336,Agent
341,Brenda,Jeffrey,Olson,Technical Support,brenda.olson@Alahli.com,518625148,Manager
342,Jasmine,Erica,Diaz,Technical Support,jasmine.diaz@Alahli.com,572573672,Agent
343,Anthony,Joanna,Lawson,Technical Support,anthony.lawson@Alahli.com,566681537,Manager
344,John,Garrett,Clark,Customer Support,john.clark@Alahli.com,534774474,Agent
345,Amy,Rhonda,Wright,Technical Support,amy.wright@Alahli.com,551840859,Manager
346,Geoffrey,Alicia,Moore,Customer Support,geoffrey.moore@Alahli.com,591430192,Administrator
347,Tanya,Darrell,West,Customer Support,tanya.west@Alahli.com,562799332,Agent
348,Christopher,Megan,Ibarra,Billing,christopher.ibarra@Alahli.com,580346176,Manager
349,Joseph,Stephanie,Mullins,Customer Support,joseph.mullins@Alahli.com,524356414,Agent
350,Jesse,David,Duran,Customer Support,jesse.duran@Alahli.com,563081327,Manager
351,Jeffrey,Emily,Kirby,Customer Support,jeffrey.kirby@Alahli.com,524235667,Administrator
352,Joshua,Albert,Wilkerson,Customer Support,joshua.wilkerson@Alahli.com,542874350,Administrator
353,Nicole,Karen,Cannon,Customer Support,nicole.cannon@Alahli.com,575803152,Agent
354,Glenn,Aaron,Ware,Billing,glenn.ware@Alahli.com,522414852,Administrator
355,Thomas,Julia,Benjamin,Billing,thomas.benjamin@Alahli.com,530447315,Administrator
356,Anthony,Todd,Mason,Customer Support,anthony.mason@Alahli.com,556203345,Agent
357,Wesley,Ryan,Coleman,Technical Support,wesley.coleman@Alahli.com,530846636,Manager
358,Trevor,Kayla,Martinez,Technical Support,trevor.martinez@Alahli.com,523537977,Agent
359,Patrick,Christina,Willis,Billing,patrick.willis@Alahli.com,519203837,Administrator
360,Michelle,Christopher,Perez,Customer Support,michelle.perez@Alahli.com,590466058,Administrator
361,Tiffany,Susan,Nichols,Customer Support,tiffany.nichols@Alahli.com,562440330,Manager
362,Jerome,Thomas,Hays,Customer Support,jerome.hays@Alahli.com,526935234,Manager
363,Phillip,Megan,Johnson,Technical Support,phillip.johnson@Alahli.com,542722036,Manager
364,Ryan,Nicholas,Sutton,Customer Support,ryan.sutton@Alahli.com,582005793,Administrator
365,Tabitha,Thomas,Cardenas,Billing,tabitha.cardenas@Alahli.com,525321891,Agent
366,Paul,Brandon,Hernandez,Technical Support,paul.hernandez@Alahli.com,542104676,Manager
367,Jacob,Kara,Harris,Technical Support,jacob.harris@Alahli.com,567187447,Manager
368,Maria,Arthur,Hardin,Customer Support,maria.hardin@Alahli.com,547582198,Manager
369,Paul,Amanda,Coleman,Billing,paul.coleman@Alahli.com,549836366,Administrator
370,Willie,Jessica,Davila,Customer Support,willie.davila@Alahli.com,553580717,Agent
371,Alexander,Gina,Hicks,Customer Support,alexander.hicks@Alahli.com,577461216,Administrator
372,Kelly,Mark,Burnett,Customer Support,kelly.burnett@Alahli.com,565989884,Agent
373,Eric,Jose,Vaughn,Billing,eric.vaughn@Alahli.com,555709136,Administrator
374,Maxwell,Kimberly,Chan,Customer Support,maxwell.chan@Alahli.com,511356109,Agent
375,Donna,Melissa,Bryan,Technical Support,donna.bryan@Alahli.com,555264591,Manager
376,Anthony,Shannon,Mccoy,Technical Support,anthony.mccoy@Alahli.com,559971419,Agent
377,Laurie,Alexander,Montgomery,Customer Support,laurie.montgomery@Alahli.com,552820638,Administrator
378,Suzanne,Michael,Jones,Customer Support,suzanne.jones@Alahli.com,518908695,Agent
379,Yvette,Joel,Stewart,Billing,yvette.stewart@Alahli.com,513820737,Administrator
380,Autumn,Scott,Obrien,Billing,autumn.obrien@Alahli.com,511028149,Manager
381,Kimberly,John,Johns,Billing,kimberly.johns@Alahli.com,527458212,Manager
382,Andrew,Garrett,Davis,Billing,andrew.davis@Alahli.com,516723505,Manager
383,Shannon,Lisa,Williams,Billing,shannon.williams@Alahli.com,558330111,Agent
384,Rhonda,Jason,Richards,Customer Support,rhonda.richards@Alahli.com,555518599,Agent
385,Edward,Steven,Stout,Customer Support,edward.stout@Alahli.com,528778208,Manager
386,William,Jennifer,Ramirez,Technical Support,william.ramirez@Alahli.com,511257795,Agent
387,Robert,Alexander,Smith,Billing,robert.smith@Alahli.com,510674905,Manager
388,Michelle,Eric,Greene,Customer Support,michelle.greene@Alahli.com,530816557,Manager
389,Arthur,Diane,Smith,Customer Support,arthur.smith@Alahli.com,528651223,Administrator
390,Sherry,James,Alvarado,Billing,sherry.alvarado@Alahli.com,539669630,Agent
391,Jeffrey,Dawn,Hammond,Customer Support,jeffrey.hammond@Alahli.com,555786347,Agent
392,Lori,Nathan,Rose,Billing,lori.rose@Alahli.com,518554127,Agent
393,David,Tyler,Davis,Customer Support,david.davis@Alahli.com,582091018,Manager
394,Martin,John,Porter,Technical Support,martin.porter@Alahli.com,587877173,Manager
395,Ann,Michael,Schultz,Technical Support,ann.schultz@Alahli.com,540290003,Agent
396,Cheryl,Angela,Townsend,Billing,cheryl.townsend@Alahli.com,592050695,Agent
397,Steven,Nicholas,Harris,Customer Support,steven.harris@Alahli.com,567501260,Manager
398,Ryan,Sarah,Hurley,Billing,ryan.hurley@Alahli.com,555560841,Manager
399,Amanda,Brandy,Lawrence,Customer Support,amanda.lawrence@Alahli.com,543559588,Agent
400,John,Mason,Zimmerman,Technical Support,john.zimmerman@Alahli.com,597505434,Manager
401,Nicole,Kristina,Lopez,Billing,nicole.lopez@Alahli.com,563056881,Manager
402,Tammie,Diana,Andrews,Customer Support,tammie.andrews@Alahli.com,527995649,Agent
403,Mary,Crystal,Mays,Technical Support,mary.mays@Alahli.com,552514282,Agent
404,Danielle,Steven,Robinson,Billing,danielle.robinson@Alahli.com,566365731,Administrator
405,Christopher,Ryan,Hall,Customer Support,christopher.hall@Alahli.com,510068024,Manager
406,Megan,Shane,Edwards,Customer Support,megan.edwards@Alahli.com,568975234,Manager
407,Jodi,Sean,Lam,Technical Support,jodi.lam@Alahli.com,542530242,Administrator
408,Timothy,Jacqueline,Kane,Technical Support,timothy.kane@Alahli.com,556330110,Agent
409,Amanda,James,Robertson,Technical Support,amanda.robertson@Alahli.com,595832845,Manager
410,Tamara,Maria,Sharp,Technical Support,tamara.sharp@Alahli.com,544123986,Manager
411,Amy,Crystal,Shelton,Technical Support,amy.shelton@Alahli.com,520592579,Administrator
412,Alyssa,Vanessa,Lee,Billing,alyssa.lee@Alahli.com,568282965,Manager
413,Ryan,Vanessa,Oneill,Technical Support,ryan.oneill@Alahli.com,559750222,Agent
414,Jodi,Stacey,Nguyen,Technical Support,jodi.nguyen@Alahli.com,554111085,Agent
415,Tina,Amber,Mcbride,Technical Support,tina.mcbride@Alahli.com,569498074,Administrator
416,Troy,Robert,Mora,Technical Support,troy.mora@Alahli.com,595166423,Manager
417,Patrick,Jessica,Anthony,Billing,patrick.anthony@Alahli.com,563199413,Agent
418,Toni,Kelly,Simpson,Billing,toni.simpson@Alahli.com,527649675,Manager
419,Johnny,Rachel,Cook,Billing,johnny.cook@Alahli.com,574075817,Agent
420,Jessica,Elizabeth,Moody,Customer Support,jessica.moody@Alahli.com,529062766,Administrator
421,Bradley,Steven,Serrano,Customer Support,bradley.serrano@Alahli.com,555479611,Agent
422,Andrea,Anthony,Henry,Billing,andrea.henry@Alahli.com,543408475,Manager
423,Lori,Robin,Taylor,Billing,lori.taylor@Alahli.com,545121888,Manager
424,Ricky,Beth,Dennis,Billing,ricky.dennis@Alahli.com,536898220,Manager
425,Kelly,Nathaniel,Phillips,Billing,kelly.phillips@Alahli.com,570452044,Manager
426,Andrea,Doris,Stevens,Technical Support,andrea.stevens@Alahli.com,525491862,Agent
427,Marcus,Melanie,Munoz,Customer Support,marcus.munoz@Alahli.com,550748290,Manager
428,Samantha,Maureen,Hopkins,Customer Support,samantha.hopkins@Alahli.com,573082404,Administrator
429,Rachel,Erika,Chen,Technical Support,rachel.chen@Alahli.com,557000098,Administrator
430,Ian,Elizabeth,Williams,Billing,ian.williams@Alahli.com,564721118,Agent
431,Harry,Theodore,Lopez,Technical Support,harry.lopez@Alahli.com,570753815,Agent
432,Colleen,Sharon,Carpenter,Billing,colleen.carpenter@Alahli.com,553953117,Agent
433,Michael,Bobby,Ramos,Customer Support,michael.ramos@Alahli.com,526530641,Manager
434,Christopher,Luke,Richards,Customer Support,christopher.richards@Alahli.com,581434318,Manager
435,Cindy,Holly,Bennett,Billing,cindy.bennett@Alahli.com,538623770,Agent
436,Joseph,Kimberly,Davis,Customer Support,joseph.davis@Alahli.com,593338539,Agent
437,Lawrence,Kevin,Bates,Billing,lawrence.bates@Alahli.com,575542800,Administrator
438,Eileen,Michelle,Roberts,Technical Support,eileen.roberts@Alahli.com,594802165,Agent
439,Jonathan,Juan,Walsh,Billing,jonathan.walsh@Alahli.com,573633099,Administrator
440,Jacob,Rebecca,Obrien,Billing,jacob.obrien@Alahli.com,571157542,Manager
441,Molly,John,Lee,Billing,molly.lee@Alahli.com,547676799,Administrator
442,Edward,Christopher,Wilson,Technical Support,edward.wilson@Alahli.com,542666198,Agent
443,Bradley,Matthew,Garcia,Customer Support,bradley.garcia@Alahli.com,591542143,Administrator
444,Frank,Julia,Massey,Technical Support,frank.massey@Alahli.com,559965847,Manager
445,Brittany,Alicia,Burns,Technical Support,brittany.burns@Alahli.com,599537385,Agent
446,Scott,Sandra,Logan,Customer Support,scott.logan@Alahli.com,589783106,Administrator
447,Kyle,Monica,Jackson,Technical Support,kyle.jackson@Alahli.com,572422712,Manager
448,Michael,Monica,Le,Billing,michael.le@Alahli.com,563377860,Administrator
449,Randall,Elizabeth,Cain,Technical Support,randall.cain@Alahli.com,596873184,Manager
450,Carrie,Karen,Ramos,Technical Support,carrie.ramos@Alahli.com,512779701,Manager
451,William,Carol,Vega,Billing,william.vega@Alahli.com,593979994,Manager
452,Kathryn,Amanda,Frank,Technical Support,kathryn.frank@Alahli.com,527682273,Agent
453,Maria,Amber,Sloan,Billing,maria.sloan@Alahli.com,563785635,Administrator
454,Barbara,James,Coleman,Billing,barbara.coleman@Alahli.com,523515593,Manager
455,Katie,Russell,Cisneros,Technical Support,katie.cisneros@Alahli.com,532235343,Manager
456,Joshua,James,Hayden,Billing,joshua.hayden@Alahli.com,547363923,Manager
457,Natasha,Monica,Rodriguez,Technical Support,natasha.rodriguez@Alahli.com,573713575,Administrator
458,Crystal,Veronica,Perkins,Technical Support,crystal.perkins@Alahli.com,590919290,Agent
459,Courtney,Donald,Garcia,Customer Support,courtney.garcia@Alahli.com,563378868,Agent
460,Mark,Jessica,Reyes,Billing,mark.reyes@Alahli.com,531889217,Administrator
461,Kenneth,Brian,Chavez,Billing,kenneth.chavez@Alahli.com,564065813,Administrator
462,Katie,Thomas,Barnes,Billing,katie.barnes@Alahli.com,527672488,Agent
463,Dawn,Stephen,Lopez,Technical Support,dawn.lopez@Alahli.com,599177653,Agent
464,Angelica,Amy,Martin,Customer Support,angelica.martin@Alahli.com,546143447,Administrator
465,Charles,Jacqueline,Jordan,Customer Support,charles.jordan@Alahli.com,535598037,Agent
466,Michelle,Charles,Fox,Technical Support,michelle.fox@Alahli.com,547770134,Manager
467,Jennifer,Maria,Robbins,Billing,jennifer.robbins@Alahli.com,575679810,Agent
468,Judy,Angela,Garcia,Technical Support,judy.garcia@Alahli.com,528995050,Administrator
469,Susan,Adriana,Barber,Customer Support,susan.barber@Alahli.com,577387641,Administrator
470,Mary,Laura,Morrison,Customer Support,mary.morrison@Alahli.com,594688077,Agent
471,Wendy,Mary,Dunn,Billing,wendy.dunn@Alahli.com,567170671,Administrator
472,Heather,Tyrone,Martinez,Billing,heather.martinez@Alahli.com,559115331,Manager
473,Susan,Juan,Wilkinson,Customer Support,susan.wilkinson@Alahli.com,536363653,Administrator
474,Jackson,Marie,Farley,Billing,jackson.farley@Alahli.com,540309406,Agent
475,Brittany,Ann,Smith,Technical Support,brittany.smith@Alahli.com,517499120,Administrator
476,Kaitlin,Ariel,Smith,Customer Support,kaitlin.smith@Alahli.com,548187147,Manager
477,Betty,Erin,Duke,Customer Support,betty.duke@Alahli.com,541913398,Manager
478,Michael,Meredith,Cruz,Billing,michael.cruz@Alahli.com,515726367,Agent
479,Joseph,Stephanie,Gates,Customer Support,joseph.gates@Alahli.com,558013626,Manager
480,Courtney,Anne,Ibarra,Customer Support,courtney.ibarra@Alahli.com,584925242,Administrator
481,Michael,Bianca,Roach,Technical Support,michael.roach@Alahli.com,546617224,Manager
482,Edward,John,Salazar,Customer Support,edward.salazar@Alahli.com,561289536,Agent
483,Michael,Margaret,Williams,Customer Support,michael.williams@Alahli.com,519852697,Manager
484,Michael,Alex,Miller,Billing,michael.miller@Alahli.com,520650662,Agent
485,Yolanda,Jorge,Benitez,Customer Support,yolanda.benitez@Alahli.com,564552612,Agent
486,James,Crystal,Morrison,Billing,james.morrison@Alahli.com,527577149,Agent
487,Kenneth,Erika,Rosario,Customer Support,kenneth.rosario@Alahli.com,520381774,Administrator
488,Cassandra,James,Kaufman,Technical Support,cassandra.kaufman@Alahli.com,526036123,Administrator
489,Corey,Kara,Costa,Technical Support,corey.costa@Alahli.com,541038925,Administrator
490,Michelle,Alison,Smith,Customer Support,michelle.smith@Alahli.com,564054721,Administrator
491,John,Emily,Diaz,Technical Support,john.diaz@Alahli.com,545160913,Administrator
492,Laura,Debbie,Calderon,Billing,laura.calderon@Alahli.com,525537099,Administrator
493,Christopher,Eric,Bishop,Customer Support,christopher.bishop@Alahli.com,581903111,Agent
494,Gregory,Steven,Hayden,Customer Support,gregory.hayden@Alahli.com,588278045,Agent
495,Taylor,Brian,Woods,Technical Support,taylor.woods@Alahli.com,599662089,Manager
496,Roberto,Tammy,Wilson,Technical Support,roberto.wilson@Alahli.com,552105259,Manager
497,Brooke,Steven,Little,Customer Support,brooke.little@Alahli.com,512738240,Administrator
498,Yolanda,William,Wright,Customer Support,yolanda.wright@Alahli.com,524962442,Administrator
499,Meagan,Eric,Kerr,Technical Support,meagan.kerr@Alahli.com,549400704,Administrator
500,Scott,Christian,Fleming,Technical Support,scott.fleming@Alahli.com,568178371,Agent
501,Jessica,Donald,Juarez,Customer Support,jessica.juarez@Alahli.com,518508104,Agent
502,Connor,Thomas,Velazquez,Technical Support,connor.velazquez@Alahli.com,595383450,Administrator
503,Bridget,Thomas,Wilson,Technical Support,bridget.wilson@Alahli.com,568305832,Agent
504,Brian,Pamela,Ramirez,Technical Support,brian.ramirez@Alahli.com,530992155,Agent
505,Eric,Stacey,Cox,Customer Support,eric.cox@Alahli.com,550235875,Manager
506,Jennifer,Raymond,Wright,Technical Support,jennifer.wright@Alahli.com,566261659,Administrator
507,Christopher,Kevin,Rivera,Customer Support,christopher.rivera@Alahli.com,521145123,Manager
508,Kenneth,Christopher,Davis,Billing,kenneth.davis@Alahli.com,551140757,Administrator
509,Linda,Emily,Mills,Billing,linda.mills@Alahli.com,581367765,Manager
510,Caroline,James,Smith,Technical Support,caroline.smith@Alahli.com,514812595,Manager
511,Daniel,Carlos,Williams,Technical Support,daniel.williams@Alahli.com,525098720,Manager
512,Marcus,Katie,Parks,Customer Support,marcus.parks@Alahli.com,591612015,Administrator
513,Adam,Julie,Newton,Customer Support,adam.newton@Alahli.com,592139937,Manager
514,Tyrone,Ronald,Edwards,Customer Support,tyrone.edwards@Alahli.com,519050988,Manager
515,Alan,Stefanie,Jackson,Customer Support,alan.jackson@Alahli.com,587831598,Agent
516,Clayton,Kimberly,Silva,Billing,clayton.silva@Alahli.com,536934710,Manager
517,Sandra,Gregory,Rich,Technical Support,sandra.rich@Alahli.com,564206207,Manager
518,Derrick,Victor,White,Customer Support,derrick.white@Alahli.com,547154140,Manager
519,Vickie,Michael,Adams,Technical Support,vickie.adams@Alahli.com,538039557,Agent
520,Laura,Elizabeth,Williams,Technical Support,laura.williams@Alahli.com,525969555,Agent
521,Vincent,Justin,Black,Customer Support,vincent.black@Alahli.com,552465616,Agent
522,Tracey,Timothy,Johnson,Technical Support,tracey.johnson@Alahli.com,579185958,Agent
523,Justin,Juan,Vasquez,Customer Support,justin.vasquez@Alahli.com,523592541,Manager
524,Gregory,John,Watson,Billing,gregory.watson@Alahli.com,588353397,Administrator
525,Ronald,Sandra,Bentley,Billing,ronald.bentley@Alahli.com,526984093,Manager
526,Richard,Rebecca,Jordan,Technical Support,richard.jordan@Alahli.com,521189467,Agent
527,Robert,Elaine,Oneill,Billing,robert.oneill@Alahli.com,569441587,Agent
528,Caroline,Alexandra,Young,Billing,caroline.young@Alahli.com,546011203,Administrator
529,Katherine,Sarah,Gallegos,Technical Support,katherine.gallegos@Alahli.com,529541038,Administrator
530,Kristen,Jacob,Hardy,Technical Support,kristen.hardy@Alahli.com,542027836,Agent
531,Brandon,Anthony,Jackson,Billing,brandon.jackson@Alahli.com,582544026,Agent
532,Jennifer,Jessica,Bishop,Technical Support,jennifer.bishop@Alahli.com,590463609,Agent
533,Elizabeth,Teresa,Alvarado,Technical Support,elizabeth.alvarado@Alahli.com,547655955,Agent
534,Danielle,Bradley,Dyer,Technical Support,danielle.dyer@Alahli.com,531434750,Manager
535,Gregory,Denise,Kennedy,Technical Support,gregory.kennedy@Alahli.com,564554018,Administrator
536,Kenneth,Anna,Thomas,Technical Support,kenneth.thomas@Alahli.com,576104919,Manager
537,Todd,Ronald,Diaz,Billing,todd.diaz@Alahli.com,512329548,Agent
538,Lisa,Bianca,Boyd,Customer Support,lisa.boyd@Alahli.com,522927450,Manager
539,Tyler,Megan,Walker,Billing,tyler.walker@Alahli.com,535735724,Manager
540,Kristy,Donna,Smith,Technical Support,kristy.smith@Alahli.com,588788363,Administrator
541,Helen,Nicole,Gray,Customer Support,helen.gray@Alahli.com,591969300,Administrator
542,Chad,Megan,Gibson,Customer Support,chad.gibson@Alahli.com,550961718,Manager
543,Larry,William,Barber,Billing,larry.barber@Alahli.com,588930080,Agent
544,Kathy,Stephen,Howard,Customer Support,kathy.howard@Alahli.com,557204971,Agent
545,Angela,Lindsay,Delacruz,Customer Support,angela.delacruz@Alahli.com,569310944,Agent
546,Robert,Angela,Weeks,Customer Support,robert.weeks@Alahli.com,593505327,Manager
547,Ryan,Michelle,Lester,Billing,ryan.lester@Alahli.com,516553345,Administrator
548,Ashley,Diana,Gomez,Customer Support,ashley.gomez@Alahli.com,571121710,Administrator
549,George,Kevin,Carroll,Technical Support,george.carroll@Alahli.com,523410726,Administrator
550,Amy,Dana,Turner,Customer Support,amy.turner@Alahli.com,567135922,Administrator
551,Michaela,Colton,Duncan,Billing,michaela.duncan@Alahli.com,579755968,Agent
552,Mackenzie,Brandon,Harris,Technical Support,mackenzie.harris@Alahli.com,573117101,Agent
553,Alyssa,Mark,Green,Customer Support,alyssa.green@Alahli.com,522873300,Manager
554,Susan,Darryl,Williams,Technical Support,susan.williams@Alahli.com,564020026,Administrator
555,Vickie,Matthew,Young,Customer Support,vickie.young@Alahli.com,559933105,Manager
556,Gregory,Jessica,Keller,Customer Support,gregory.keller@Alahli.com,535250212,Agent
557,Melinda,Summer,Copeland,Billing,melinda.copeland@Alahli.com,589854509,Administrator
558,Andrew,Aaron,Martin,Technical Support,andrew.martin@Alahli.com,555543092,Administrator
559,Robert,Robert,Johnson,Technical Support,robert.johnson@Alahli.com,522306116,Manager
560,Deborah,Claire,Guerra,Customer Support,deborah.guerra@Alahli.com,523281221,Administrator
561,Samuel,Nathaniel,Chan,Technical Support,samuel.chan@Alahli.com,582128568,Manager
562,Justin,Anthony,Cochran,Technical Support,justin.cochran@Alahli.com,518935447,Manager
563,Karen,Amber,Beck,Customer Support,karen.beck@Alahli.com,573105627,Manager
564,Kelly,Benjamin,Gibbs,Customer Support,kelly.gibbs@Alahli.com,573740683,Administrator
565,Adrienne,Eileen,Williams,Customer Support,adrienne.williams@Alahli.com,548962347,Administrator
566,Tamara,Jack,Martin,Technical Support,tamara.martin@Alahli.com,587601051,Administrator
567,John,Alejandro,Kelly,Customer Support,john.kelly@Alahli.com,580992430,Manager
568,Catherine,Carol,Flores,Billing,catherine.flores@Alahli.com,543878476,Manager
569,Rebekah,Andrea,Combs,Billing,rebekah.combs@Alahli.com,599072288,Manager
570,Sharon,Gregory,Strong,Technical Support,sharon.strong@Alahli.com,512444037,Administrator
571,Thomas,Mary,Jackson,Billing,thomas.jackson@Alahli.com,564423406,Manager
572,Gregory,David,Navarro,Technical Support,gregory.navarro@Alahli.com,547956157,Manager
573,Christopher,James,Walton,Customer Support,christopher.walton@Alahli.com,551114207,Agent
574,Kristen,Keith,Pena,Billing,kristen.pena@Alahli.com,593113377,Manager
575,Richard,Michael,Mosley,Customer Support,richard.mosley@Alahli.com,517670657,Manager
576,Sara,Edgar,Castro,Billing,sara.castro@Alahli.com,519441080,Manager
577,Pamela,Christina,Foster,Customer Support,pamela.foster@Alahli.com,574298608,Agent
578,John,Rhonda,Frank,Billing,john.frank@Alahli.com,514519620,Agent
579,Megan,Christopher,Kim,Customer Support,megan.kim@Alahli.com,599506162,Administrator
580,Melissa,Kimberly,Watson,Customer Support,melissa.watson@Alahli.com,591510191,Agent
581,Alan,Traci,Wells,Technical Support,alan.wells@Alahli.com,568031690,Administrator
582,Matthew,Mary,Trevino,Technical Support,matthew.trevino@Alahli.com,559600505,Administrator
583,James,Ashley,Dean,Billing,james.dean@Alahli.com,592175504,Manager
584,Joseph,Jamie,Sanchez,Billing,joseph.sanchez@Alahli.com,532001516,Manager
585,Jose,Elizabeth,Dixon,Billing,jose.dixon@Alahli.com,526442205,Agent
586,Sarah,Jade,Figueroa,Customer Support,sarah.figueroa@Alahli.com,576821006,Agent
587,Angela,Kathy,Perez,Technical Support,angela.perez@Alahli.com,590250396,Manager
588,Jeffrey,Hannah,Morgan,Billing,jeffrey.morgan@Alahli.com,535297995,Administrator
589,Stephen,Michele,Mccarty,Technical Support,stephen.mccarty@Alahli.com,514037010,Administrator
590,Steven,Patrick,Brown,Customer Support,steven.brown@Alahli.com,522988716,Administrator
591,Frank,Daniel,Crawford,Technical Support,frank.crawford@Alahli.com,527028485,Agent
592,Heather,Shirley,Williams,Billing,heather.williams@Alahli.com,552295145,Manager
593,Charles,Brandon,Morgan,Customer Support,charles.morgan@Alahli.com,511420392,Agent
594,Norma,Amber,Green,Billing,norma.green@Alahli.com,587735065,Administrator
595,Michael,Melissa,Nash,Billing,michael.nash@Alahli.com,514287030,Manager
596,Mary,Haley,Joseph,Technical Support,mary.joseph@Alahli.com,587721418,Administrator
597,Edward,Dylan,Williams,Technical Support,edward.williams@Alahli.com,571465712,Agent
598,Ryan,Emily,Robinson,Customer Support,ryan.robinson@Alahli.com,522910166,Administrator
599,Christina,Jeffrey,Michael,Technical Support,christina.michael@Alahli.com,556431448,Agent
600,Mark,Rachel,Gray,Billing,mark.gray@Alahli.com,565415500,Administrator
601,Amy,Larry,Perez,Technical Support,amy.perez@Alahli.com,549051224,Agent
602,Pamela,Mary,Williams,Billing,pamela.williams@Alahli.com,565993663,Administrator
603,Sandra,Jared,Roman,Customer Support,sandra.roman@Alahli.com,583507819,Agent
604,Amy,Amy,Figueroa,Customer Support,amy.figueroa@Alahli.com,541698255,Manager
605,Robin,Chelsea,Martin,Billing,robin.martin@Alahli.com,530018250,Agent
606,Heather,Aaron,Robinson,Billing,heather.robinson@Alahli.com,536638929,Agent
607,Russell,Samantha,Parks,Technical Support,russell.parks@Alahli.com,524447661,Manager
608,Dawn,Courtney,Bennett,Technical Support,dawn.bennett@Alahli.com,569695836,Manager
609,Donald,Chad,Jordan,Billing,donald.jordan@Alahli.com,563177487,Manager
610,Ann,Frances,Lewis,Technical Support,ann.lewis@Alahli.com,547904036,Manager
611,Natalie,Glenda,Murray,Technical Support,natalie.murray@Alahli.com,527155425,Administrator
612,Jordan,Anna,Phillips,Billing,jordan.phillips@Alahli.com,571900317,Manager
613,Andrea,Russell,Watkins,Customer Support,andrea.watkins@Alahli.com,544401142,Agent
614,Joshua,Kendra,Shepard,Technical Support,joshua.shepard@Alahli.com,525179223,Agent
615,Jessica,Melody,Marks,Customer Support,jessica.marks@Alahli.com,529130413,Agent
616,Patricia,Brandon,Vazquez,Customer Support,patricia.vazquez@Alahli.com,567448717,Agent
617,Brittney,Tami,Torres,Customer Support,brittney.torres@Alahli.com,587303047,Manager
618,Lori,Benjamin,Pollard,Billing,lori.pollard@Alahli.com,587871517,Manager
619,Raymond,Kyle,Hall,Technical Support,raymond.hall@Alahli.com,559832691,Administrator
620,Robert,Rebecca,Ramsey,Billing,robert.ramsey@Alahli.com,542479463,Administrator
621,Jay,Christopher,Nelson,Customer Support,jay.nelson@Alahli.com,563917987,Manager
622,Jonathan,Harold,Wagner,Customer Support,jonathan.wagner@Alahli.com,552167463,Agent
623,Breanna,Dana,Dunn,Technical Support,breanna.dunn@Alahli.com,512624133,Administrator
624,Mark,Belinda,Grant,Billing,mark.grant@Alahli.com,599803927,Administrator
625,Dustin,Madison,Cervantes,Customer Support,dustin.cervantes@Alahli.com,545081138,Administrator
626,Amanda,Tom,Espinoza,Customer Support,amanda.espinoza@Alahli.com,544004777,Administrator
627,Jasmine,Daniel,Griffin,Technical Support,jasmine.griffin@Alahli.com,542036612,Manager
628,Margaret,Stephanie,Klein,Billing,margaret.klein@Alahli.com,531412892,Manager
629,Jessica,Travis,Hicks,Billing,jessica.hicks@Alahli.com,555551113,Agent
630,Kevin,Danielle,Logan,Billing,kevin.logan@Alahli.com,560986858,Manager
631,Heather,Joshua,Williams,Customer Support,heather.williams@Alahli.com,548821285,Administrator
632,April,Steven,Wise,Customer Support,april.wise@Alahli.com,570116257,Manager
633,Victoria,Karen,Jackson,Customer Support,victoria.jackson@Alahli.com,568183704,Administrator
634,Eric,Jeanette,Lewis,Customer Support,eric.lewis@Alahli.com,598347804,Agent
635,Tracy,Darren,Hayes,Technical Support,tracy.hayes@Alahli.com,513141824,Agent
636,John,Kathleen,Beasley,Customer Support,john.beasley@Alahli.com,568624766,Administrator
637,Randy,Peter,Hawkins,Billing,randy.hawkins@Alahli.com,591226561,Manager
638,Wesley,Mary,Crawford,Billing,wesley.crawford@Alahli.com,580646767,Administrator
639,John,Nicholas,Washington,Customer Support,john.washington@Alahli.com,591785770,Administrator
640,Meghan,Corey,Walker,Customer Support,meghan.walker@Alahli.com,589212358,Agent
641,Anthony,Mark,Martinez,Customer Support,anthony.martinez@Alahli.com,528003538,Administrator
642,Douglas,Ryan,Wright,Technical Support,douglas.wright@Alahli.com,590745272,Administrator
643,Jessica,Craig,Garcia,Customer Support,jessica.garcia@Alahli.com,569605337,Administrator
644,Rachel,Stephanie,Fry,Billing,rachel.fry@Alahli.com,516674432,Agent
645,Lori,Cindy,Berry,Technical Support,lori.berry@Alahli.com,514687784,Agent
646,Misty,John,Martinez,Customer Support,misty.martinez@Alahli.com,522151955,Manager
647,Marcus,Destiny,Rios,Customer Support,marcus.rios@Alahli.com,579809091,Agent
648,Christy,Russell,Brown,Customer Support,christy.brown@Alahli.com,519857102,Manager
649,James,Amanda,Waller,Customer Support,james.waller@Alahli.com,575176587,Agent
650,Brenda,Douglas,Rodriguez,Customer Support,brenda.rodriguez@Alahli.com,544529997,Manager
651,Eugene,Michael,Potter,Technical Support,eugene.potter@Alahli.com,568460753,Agent
652,Audrey,Maxwell,May,Customer Support,audrey.may@Alahli.com,572833053,Manager
653,Maurice,Matthew,Mendoza,Technical Support,maurice.mendoza@Alahli.com,537185130,Administrator
654,Natalie,Colleen,Richardson,Technical Support,natalie.richardson@Alahli.com,571219754,Manager
655,Sandra,Connie,Vaughn,Customer Support,sandra.vaughn@Alahli.com,572142864,Agent
656,Sophia,Tyler,Carter,Customer Support,sophia.carter@Alahli.com,527188520,Agent
657,Sylvia,Antonio,Collins,Billing,sylvia.collins@Alahli.com,522418816,Administrator
658,Timothy,Susan,Carson,Technical Support,timothy.carson@Alahli.com,576721889,Administrator
659,Kayla,Dennis,Hahn,Technical Support,kayla.hahn@Alahli.com,540052135,Administrator
660,Henry,Christopher,Thornton,Billing,henry.thornton@Alahli.com,522527144,Manager
661,David,Diana,Woods,Customer Support,david.woods@Alahli.com,569356024,Administrator
662,Sandra,Briana,Martin,Technical Support,sandra.martin@Alahli.com,564619676,Agent
663,Bill,Joshua,Tucker,Technical Support,bill.tucker@Alahli.com,575892314,Administrator
664,Andrew,Robert,May,Customer Support,andrew.may@Alahli.com,539062752,Manager
665,Amber,Anthony,Johnson,Technical Support,amber.johnson@Alahli.com,572678986,Administrator
666,Carlos,Brent,Miller,Billing,carlos.miller@Alahli.com,561124620,Agent
667,Glen,Paul,Mays,Billing,glen.mays@Alahli.com,527410547,Manager
668,Mark,Amanda,Mcdonald,Customer Support,mark.mcdonald@Alahli.com,536323942,Administrator
669,Alison,Jasmine,Jones,Customer Support,alison.jones@Alahli.com,536107847,Agent
670,John,Annette,Fleming,Technical Support,john.fleming@Alahli.com,559019479,Administrator
671,Heather,Megan,Warner,Technical Support,heather.warner@Alahli.com,547164768,Manager
672,Brad,Hector,Cook,Technical Support,brad.cook@Alahli.com,591747290,Administrator
673,George,Heather,Macias,Customer Support,george.macias@Alahli.com,583770656,Manager
674,Julie,Cynthia,York,Technical Support,julie.york@Alahli.com,549625365,Agent
675,John,Christian,Brown,Technical Support,john.brown@Alahli.com,597024531,Agent
676,Cynthia,David,Le,Customer Support,cynthia.le@Alahli.com,575105442,Administrator
677,Timothy,Alyssa,Moore,Billing,timothy.moore@Alahli.com,586777912,Manager
678,Sara,Natalie,Hernandez,Billing,sara.hernandez@Alahli.com,581046196,Manager
679,Tonya,Carrie,Gonzalez,Customer Support,tonya.gonzalez@Alahli.com,577329313,Agent
680,Laurie,Sandy,Collins,Billing,laurie.collins@Alahli.com,552822581,Administrator
681,Stephen,Matthew,Blair,Billing,stephen.blair@Alahli.com,565150309,Agent
682,Annette,Michael,Smith,Billing,annette.smith@Alahli.com,538744472,Manager
683,Jenna,Joshua,Williams,Customer Support,jenna.williams@Alahli.com,563509847,Administrator
684,Christopher,Joan,Walton,Customer Support,christopher.walton@Alahli.com,519444349,Manager
685,John,Mikayla,Zhang,Billing,john.zhang@Alahli.com,522044059,Manager
686,Maria,Megan,Thomas,Technical Support,maria.thomas@Alahli.com,546041806,Manager
687,Henry,Dana,Williams,Technical Support,henry.williams@Alahli.com,564264193,Administrator
688,Brandon,Douglas,Bryant,Billing,brandon.bryant@Alahli.com,525493809,Manager
689,Kyle,Laura,Smith,Customer Support,kyle.smith@Alahli.com,598899881,Manager
690,Brent,Paul,Weiss,Billing,brent.weiss@Alahli.com,547145677,Administrator
691,Victoria,Jeremiah,Taylor,Billing,victoria.taylor@Alahli.com,559303776,Administrator
692,Wendy,Sarah,Zimmerman,Technical Support,wendy.zimmerman@Alahli.com,543984991,Administrator
693,Diane,Jeff,Johnson,Billing,diane.johnson@Alahli.com,537302170,Administrator
694,Natalie,Dawn,Rojas,Technical Support,natalie.rojas@Alahli.com,574681617,Administrator
695,Robert,Marco,Howard,Technical Support,robert.howard@Alahli.com,594991530,Administrator
696,Thomas,Robert,Reid,Billing,thomas.reid@Alahli.com,591362557,Manager
697,Charles,John,Jimenez,Technical Support,charles.jimenez@Alahli.com,578730139,Manager
698,Heather,Jerry,Mcdonald,Technical Support,heather.mcdonald@Alahli.com,517019981,Administrator
699,Tracy,James,Haas,Technical Support,tracy.haas@Alahli.com,588537050,Manager
700,Christopher,Heather,Rodriguez,Customer Support,christopher.rodriguez@Alahli.com,592750499,Manager
701,Eric,Jason,Oliver,Billing,eric.oliver@Alahli.com,523597027,Administrator
702,Tara,Ernest,Smith,Customer Support,tara.smith@Alahli.com,541989101,Administrator
703,Kayla,Glen,Adkins,Customer Support,kayla.adkins@Alahli.com,588405498,Administrator
704,Michelle,Michael,Schroeder,Billing,michelle.schroeder@Alahli.com,546300952,Manager
705,Stacy,Gabriel,Clark,Billing,stacy.clark@Alahli.com,548966631,Manager
706,Sean,Deanna,Phillips,Billing,sean.phillips@Alahli.com,560237320,Administrator
707,Pamela,Angelica,Soto,Customer Support,pamela.soto@Alahli.com,515865153,Agent
708,Jill,Sandy,Garcia,Customer Support,jill.garcia@Alahli.com,588704304,Agent
709,Kristin,Alicia,Vasquez,Billing,kristin.vasquez@Alahli.com,567820755,Administrator
710,Michael,Jordan,Poole,Technical Support,michael.poole@Alahli.com,569147331,Agent
711,Jason,Amanda,Hall,Customer Support,jason.hall@Alahli.com,519316945,Agent
712,Marc,Jason,Barnes,Technical Support,marc.barnes@Alahli.com,564691382,Administrator
713,Julie,Debra,Holland,Customer Support,julie.holland@Alahli.com,571938415,Agent
714,Sue,Kayla,Hudson,Technical Support,sue.hudson@Alahli.com,578379028,Manager
715,Brandi,Dominique,Mitchell,Technical Support,brandi.mitchell@Alahli.com,599019116,Agent
716,Curtis,Beverly,Patterson,Billing,curtis.patterson@Alahli.com,569608056,Agent
717,Emma,Allen,Chase,Technical Support,emma.chase@Alahli.com,528160791,Administrator
718,Amanda,Brianna,Sharp,Billing,amanda.sharp@Alahli.com,574769838,Agent
719,Alec,Anna,Jenkins,Technical Support,alec.jenkins@Alahli.com,579666353,Agent
720,Michael,Billy,Harris,Billing,michael.harris@Alahli.com,539611920,Manager
721,Vanessa,Jade,Nguyen,Billing,vanessa.nguyen@Alahli.com,576138837,Manager
722,Jason,James,Harrison,Customer Support,jason.harrison@Alahli.com,520462888,Agent
723,Keith,Michelle,Todd,Customer Support,keith.todd@Alahli.com,566050326,Agent
724,Joshua,Denise,Pruitt,Technical Support,joshua.pruitt@Alahli.com,575792017,Manager
725,Timothy,Maria,Li,Billing,timothy.li@Alahli.com,571774349,Administrator
726,Heather,Stephen,Waters,Billing,heather.waters@Alahli.com,572674514,Manager
727,Daniel,Daisy,Gallagher,Customer Support,daniel.gallagher@Alahli.com,516519204,Agent
728,Lori,Karen,Lambert,Billing,lori.lambert@Alahli.com,544156154,Manager
729,Emily,Jonathan,Hamilton,Customer Support,emily.hamilton@Alahli.com,584999756,Agent
730,Alyssa,Adam,Brown,Technical Support,alyssa.brown@Alahli.com,573751552,Manager
731,Kyle,Gabrielle,Barnes,Billing,kyle.barnes@Alahli.com,584224193,Agent
732,Mario,Henry,Kane,Customer Support,mario.kane@Alahli.com,542884460,Agent
733,Timothy,Cameron,Marshall,Customer Support,timothy.marshall@Alahli.com,545870480,Administrator
734,Jennifer,Jeremy,Torres,Billing,jennifer.torres@Alahli.com,571433251,Administrator
735,Cody,Brittney,Taylor,Billing,cody.taylor@Alahli.com,529618518,Agent
736,Reginald,Charles,Horton,Customer Support,reginald.horton@Alahli.com,564707971,Manager
737,Emily,Martha,Morales,Technical Support,emily.morales@Alahli.com,516419913,Manager
738,Alicia,Kimberly,Green,Billing,alicia.green@Alahli.com,561877652,Manager
739,Kyle,Sherri,Garcia,Billing,kyle.garcia@Alahli.com,564958359,Agent
740,Daniel,Taylor,Johns,Customer Support,daniel.johns@Alahli.com,599480049,Manager
741,Ryan,Patricia,Vance,Customer Support,ryan.vance@Alahli.com,594537530,Manager
742,Craig,Justin,Nichols,Technical Support,craig.nichols@Alahli.com,540900500,Manager
743,Sara,Christopher,Carroll,Customer Support,sara.carroll@Alahli.com,565464899,Manager
744,Stephen,Rodney,Owens,Customer Support,stephen.owens@Alahli.com,516332420,Agent
745,Shawn,Amanda,Rubio,Customer Support,shawn.rubio@Alahli.com,592842097,Manager
746,Jodi,Julie,Allen,Technical Support,jodi.allen@Alahli.com,510273619,Administrator
747,Mark,Alexis,Hendrix,Billing,mark.hendrix@Alahli.com,598526277,Agent
748,Kelly,Michael,Noble,Technical Support,kelly.noble@Alahli.com,566950202,Administrator
749,Amy,Jonathan,Moore,Technical Support,amy.moore@Alahli.com,531551569,Administrator
750,Lisa,Edgar,Sanchez,Technical Support,lisa.sanchez@Alahli.com,572355634,Agent
751,Kelly,Cameron,Patel,Billing,kelly.patel@Alahli.com,519942787,Agent
752,Mary,Jordan,Castro,Billing,mary.castro@Alahli.com,539599483,Manager
753,Paige,Randy,Tran,Technical Support,paige.tran@Alahli.com,524236979,Agent
754,Sarah,Matthew,Macias,Billing,sarah.macias@Alahli.com,599901665,Agent
755,Veronica,Angela,Barnes,Customer Support,veronica.barnes@Alahli.com,537697243,Manager
756,Andrew,Makayla,Munoz,Billing,andrew.munoz@Alahli.com,551753943,Manager
757,Rita,Randall,Franklin,Technical Support,rita.franklin@Alahli.com,592901039,Manager
758,Lauren,Linda,Schultz,Billing,lauren.schultz@Alahli.com,510102847,Manager
759,Emily,Johnny,Smith,Billing,emily.smith@Alahli.com,565145488,Agent
760,Karen,Katrina,Riggs,Customer Support,karen.riggs@Alahli.com,537617947,Administrator
761,Jeffery,Jon,Silva,Technical Support,jeffery.silva@Alahli.com,598556718,Agent
762,Joyce,Daniel,Curry,Customer Support,joyce.curry@Alahli.com,552694023,Manager
763,Natalie,Tammy,Coleman,Customer Support,natalie.coleman@Alahli.com,567192722,Agent
764,Angela,Cynthia,Huang,Billing,angela.huang@Alahli.com,591277404,Administrator
765,Tiffany,Earl,Simpson,Technical Support,tiffany.simpson@Alahli.com,516844115,Administrator
766,Elizabeth,Lisa,Watkins,Technical Support,elizabeth.watkins@Alahli.com,568030874,Administrator
767,Jennifer,Aaron,Smith,Billing,jennifer.smith@Alahli.com,541705753,Administrator
768,Stephanie,James,Gordon,Billing,stephanie.gordon@Alahli.com,512806475,Agent
769,Adrian,Richard,Lang,Billing,adrian.lang@Alahli.com,588689677,Agent
770,Jacqueline,Angel,Glenn,Technical Support,jacqueline.glenn@Alahli.com,520841598,Administrator
771,Larry,Sean,Riley,Customer Support,larry.riley@Alahli.com,578968280,Agent
772,Michelle,Mario,Williams,Technical Support,michelle.williams@Alahli.com,523899074,Administrator
773,Janice,Toni,Robinson,Customer Support,janice.robinson@Alahli.com,517661427,Agent
774,Samuel,Mia,Frye,Billing,samuel.frye@Alahli.com,549934142,Administrator
775,Aaron,Brian,Harrison,Technical Support,aaron.harrison@Alahli.com,577963917,Agent
776,Bryan,Eric,Wilson,Customer Support,bryan.wilson@Alahli.com,567057236,Agent
777,Tamara,John,Lopez,Technical Support,tamara.lopez@Alahli.com,595053210,Agent
778,Debra,Patricia,Morgan,Billing,debra.morgan@Alahli.com,526255839,Agent
779,Ricky,Theresa,Ayala,Customer Support,ricky.ayala@Alahli.com,597862887,Agent
780,Theresa,Matthew,Deleon,Billing,theresa.deleon@Alahli.com,597604063,Manager
781,Thomas,Russell,Wang,Technical Support,thomas.wang@Alahli.com,552065497,Manager
782,Rebecca,Sharon,Johnson,Customer Support,rebecca.johnson@Alahli.com,529784419,Agent
783,Shannon,Mark,West,Technical Support,shannon.west@Alahli.com,548650098,Agent
784,Jason,Kimberly,Weiss,Customer Support,jason.weiss@Alahli.com,580928073,Manager
785,Lisa,Cynthia,Williams,Technical Support,lisa.williams@Alahli.com,594668161,Agent
786,Brian,Mary,Clarke,Technical Support,brian.clarke@Alahli.com,589599138,Administrator
787,Lawrence,Michelle,Reed,Technical Support,lawrence.reed@Alahli.com,571252818,Manager
788,Mary,Andrew,Jackson,Technical Support,mary.jackson@Alahli.com,514915363,Manager
789,Joshua,Kelly,Gonzalez,Billing,joshua.gonzalez@Alahli.com,535218256,Agent
790,Catherine,Kathleen,Burton,Customer Support,catherine.burton@Alahli.com,531819091,Agent
791,Angela,Victor,Buck,Customer Support,angela.buck@Alahli.com,534051082,Administrator
792,Dennis,Megan,Holder,Customer Support,dennis.holder@Alahli.com,585529805,Manager
793,Laura,Caleb,Gray,Billing,laura.gray@Alahli.com,552935671,Agent
794,Angela,Jared,Taylor,Customer Support,angela.taylor@Alahli.com,547399376,Manager
795,Brian,Morgan,Young,Billing,brian.young@Alahli.com,554850986,Agent
796,Angela,Christopher,Murillo,Customer Support,angela.murillo@Alahli.com,546388305,Agent
797,Devin,Aaron,White,Customer Support,devin.white@Alahli.com,551156298,Administrator
798,Mark,Barbara,Garcia,Technical Support,mark.garcia@Alahli.com,597995067,Agent
799,Cory,Angela,Beasley,Customer Support,cory.beasley@Alahli.com,535083270,Agent
800,Katie,Pamela,Beltran,Technical Support,katie.beltran@Alahli.com,563138427,Manager
801,Edwin,James,Stevenson,Technical Support,edwin.stevenson@Alahli.com,521574281,Administrator
802,Jesse,April,Harper,Technical Support,jesse.harper@Alahli.com,566319407,Manager
803,Patrick,Valerie,Nelson,Technical Support,patrick.nelson@Alahli.com,526680898,Manager
804,Jose,Christopher,Gonzales,Customer Support,jose.gonzales@Alahli.com,597753890,Agent
805,Sean,Steven,Hoffman,Billing,sean.hoffman@Alahli.com,568399319,Agent
806,Danielle,Natalie,Moore,Customer Support,danielle.moore@Alahli.com,569760464,Agent
807,Rebecca,Vincent,Irwin,Billing,rebecca.irwin@Alahli.com,517046311,Manager
808,Courtney,Thomas,David,Technical Support,courtney.david@Alahli.com,542886882,Agent
809,John,Ashlee,Zavala,Customer Support,john.zavala@Alahli.com,515273331,Manager
810,Jacob,Emma,Wright,Billing,jacob.wright@Alahli.com,566638142,Manager
811,Victoria,Michael,Mclaughlin,Customer Support,victoria.mclaughlin@Alahli.com,532298398,Manager
812,John,Allen,Harris,Billing,john.harris@Alahli.com,584051171,Agent
813,Cassandra,Craig,Diaz,Customer Support,cassandra.diaz@Alahli.com,569416371,Administrator
814,Traci,David,Valentine,Technical Support,traci.valentine@Alahli.com,529282996,Manager
815,April,Sara,Dyer,Technical Support,april.dyer@Alahli.com,545943832,Manager
816,Sandra,Jennifer,Campbell,Billing,sandra.campbell@Alahli.com,555436947,Administrator
817,Jerry,Tracy,Estrada,Customer Support,jerry.estrada@Alahli.com,548759128,Administrator
818,Jacqueline,Debra,Rangel,Billing,jacqueline.rangel@Alahli.com,525898675,Administrator
819,Donald,Roger,Davis,Customer Support,donald.davis@Alahli.com,514720782,Manager
820,Rachel,Amy,Levine,Customer Support,rachel.levine@Alahli.com,587884142,Agent
821,Charlotte,Christina,Garcia,Customer Support,charlotte.garcia@Alahli.com,591359560,Manager
822,Amy,Matthew,Scott,Customer Support,amy.scott@Alahli.com,527140649,Agent
823,Alison,Lynn,Williams,Billing,alison.williams@Alahli.com,556153093,Manager
824,Sabrina,Melissa,Rice,Technical Support,sabrina.rice@Alahli.com,516919294,Manager
825,Terri,Joel,Evans,Technical Support,terri.evans@Alahli.com,582612283,Manager
826,Brian,Chelsea,Bentley,Customer Support,brian.bentley@Alahli.com,561827591,Manager
827,Jasmine,Kristin,Cole,Customer Support,jasmine.cole@Alahli.com,589941320,Agent
828,Mary,Mia,Le,Technical Support,mary.le@Alahli.com,564558560,Agent
829,Todd,Charles,Williams,Technical Support,todd.williams@Alahli.com,565219673,Manager
830,Hannah,Daniel,Hanson,Technical Support,hannah.hanson@Alahli.com,532920729,Manager
831,Robert,Lisa,Zhang,Technical Support,robert.zhang@Alahli.com,575754898,Agent
832,Joseph,Cory,Rose,Customer Support,joseph.rose@Alahli.com,539321851,Agent
833,Kristy,Evan,Dickerson,Billing,kristy.dickerson@Alahli.com,524364263,Administrator
834,Sarah,Jim,Alexander,Billing,sarah.alexander@Alahli.com,569272910,Administrator
835,Laura,Sarah,Jones,Billing,laura.jones@Alahli.com,546399880,Agent
836,David,Jason,Barker,Customer Support,david.barker@Alahli.com,588716703,Administrator
837,Tina,Rebecca,Taylor,Customer Support,tina.taylor@Alahli.com,561431468,Administrator
838,Aaron,Laura,Hill,Customer Support,aaron.hill@Alahli.com,510827944,Agent
839,Christopher,Mary,Simmons,Technical Support,christopher.simmons@Alahli.com,563690528,Administrator
840,Kelly,Vanessa,Vargas,Customer Support,kelly.vargas@Alahli.com,542915581,Agent
841,Edward,Scott,Wilkerson,Customer Support,edward.wilkerson@Alahli.com,513852582,Agent
842,Alyssa,John,Cline,Billing,alyssa.cline@Alahli.com,539263680,Manager
843,John,Anna,Bell,Technical Support,john.bell@Alahli.com,565934036,Administrator
844,Laura,Darius,Gaines,Customer Support,laura.gaines@Alahli.com,572011641,Manager
845,Tracy,Tanya,Tate,Billing,tracy.tate@Alahli.com,575563743,Administrator
846,Heather,Laura,Green,Billing,heather.green@Alahli.com,520081976,Administrator
847,Angela,Karen,Watson,Technical Support,angela.watson@Alahli.com,584883055,Agent
848,Marcus,Julie,Chavez,Billing,marcus.chavez@Alahli.com,538792427,Manager
849,Jesse,Beth,Lane,Billing,jesse.lane@Alahli.com,592072948,Manager
850,Kevin,Eric,Lopez,Customer Support,kevin.lopez@Alahli.com,547374420,Manager
851,William,David,Fitzgerald,Billing,william.fitzgerald@Alahli.com,521698755,Agent
852,Alyssa,Courtney,Proctor,Billing,alyssa.proctor@Alahli.com,554959297,Administrator
853,Christopher,Holly,Russell,Technical Support,christopher.russell@Alahli.com,542365259,Manager
854,Gloria,Robert,Villarreal,Customer Support,gloria.villarreal@Alahli.com,599598226,Manager
855,Tracie,Natalie,Tate,Technical Support,tracie.tate@Alahli.com,575322943,Agent
856,Christopher,Linda,Grimes,Billing,christopher.grimes@Alahli.com,591060088,Administrator
857,Sheila,Kenneth,Calhoun,Billing,sheila.calhoun@Alahli.com,541442079,Manager
858,Tonya,Krystal,Patterson,Billing,tonya.patterson@Alahli.com,510297706,Administrator
859,Judith,Lisa,Freeman,Customer Support,judith.freeman@Alahli.com,533184752,Administrator
860,Louis,Anthony,Rhodes,Billing,louis.rhodes@Alahli.com,564522013,Manager
861,Joseph,Breanna,Jones,Billing,joseph.jones@Alahli.com,545064359,Manager
862,Catherine,Tiffany,Harper,Customer Support,catherine.harper@Alahli.com,583881081,Administrator
863,Michelle,John,Sexton,Customer Support,michelle.sexton@Alahli.com,539391521,Administrator
864,William,Benjamin,Boyd,Billing,william.boyd@Alahli.com,515872504,Administrator
865,Abigail,Robert,Miller,Technical Support,abigail.miller@Alahli.com,511493750,Manager
866,Thomas,Matthew,Coleman,Technical Support,thomas.coleman@Alahli.com,540766471,Administrator
867,Elaine,James,Sanchez,Technical Support,elaine.sanchez@Alahli.com,551022617,Administrator
868,Bonnie,Justin,Montes,Billing,bonnie.montes@Alahli.com,552671108,Administrator
869,Leslie,Joann,Mills,Billing,leslie.mills@Alahli.com,518414677,Manager
870,Darren,Michael,Foster,Technical Support,darren.foster@Alahli.com,561012568,Manager
871,Matthew,Harry,Marshall,Technical Support,matthew.marshall@Alahli.com,565508288,Agent
872,Jessica,John,Hall,Technical Support,jessica.hall@Alahli.com,543473576,Administrator
873,George,Kevin,Banks,Technical Support,george.banks@Alahli.com,539698548,Administrator
874,Charles,Lisa,Jackson,Customer Support,charles.jackson@Alahli.com,514043084,Manager
875,Mark,Brent,Lopez,Technical Support,mark.lopez@Alahli.com,514275645,Manager
876,Rachael,Michael,Lewis,Customer Support,rachael.lewis@Alahli.com,530470761,Administrator
877,Paul,Kimberly,Henry,Customer Support,paul.henry@Alahli.com,515569436,Agent
878,Anthony,Justin,Bishop,Technical Support,anthony.bishop@Alahli.com,564195948,Administrator
879,Darrell,Martha,Mendoza,Technical Support,darrell.mendoza@Alahli.com,599501726,Agent
880,Todd,Kyle,Reyes,Billing,todd.reyes@Alahli.com,599821984,Agent
881,Ashley,Gloria,Gonzalez,Technical Support,ashley.gonzalez@Alahli.com,511093086,Administrator
882,Marie,Victor,Vasquez,Technical Support,marie.vasquez@Alahli.com,557251324,Agent
883,Sarah,John,Frazier,Customer Support,sarah.frazier@Alahli.com,593669389,Manager
884,Reginald,Tyler,Cameron,Customer Support,reginald.cameron@Alahli.com,515987342,Manager
885,Diana,William,Hays,Billing,diana.hays@Alahli.com,591410995,Manager
886,Thomas,Cheryl,Kelly,Billing,thomas.kelly@Alahli.com,524434374,Administrator
887,Carl,Carlos,Davila,Customer Support,carl.davila@Alahli.com,546101396,Administrator
888,Natalie,Janet,Sanchez,Customer Support,natalie.sanchez@Alahli.com,519758979,Manager
889,Eric,Donna,Moore,Technical Support,eric.moore@Alahli.com,588081320,Manager
890,Tonya,Crystal,Warren,Customer Support,tonya.warren@Alahli.com,530810180,Administrator
891,John,Benjamin,Fields,Billing,john.fields@Alahli.com,599206977,Administrator
892,Megan,Mckenzie,Frost,Customer Support,megan.frost@Alahli.com,591853430,Manager
893,David,Mallory,Cannon,Customer Support,david.cannon@Alahli.com,524904548,Manager
894,Carl,Connie,Sanchez,Billing,carl.sanchez@Alahli.com,510599826,Manager
895,Tyler,Johnny,Simon,Technical Support,tyler.simon@Alahli.com,515952926,Administrator
896,Justin,Marilyn,Jones,Customer Support,justin.jones@Alahli.com,543499709,Agent
897,Jennifer,Kevin,Duran,Customer Support,jennifer.duran@Alahli.com,558614077,Manager
898,Monica,Christy,Elliott,Technical Support,monica.elliott@Alahli.com,579964827,Manager
899,Jessica,Mark,Morris,Billing,jessica.morris@Alahli.com,523796873,Agent
900,Samantha,Nathaniel,Holland,Customer Support,samantha.holland@Alahli.com,574026843,Administrator
901,Phillip,Douglas,Matthews,Billing,phillip.matthews@Alahli.com,596494831,Administrator
902,Daniel,Danny,Cook,Customer Support,daniel.cook@Alahli.com,562137080,Administrator
903,Andrew,Julie,Bass,Technical Support,andrew.bass@Alahli.com,552998390,Manager
904,Thomas,Ann,Jackson,Technical Support,thomas.jackson@Alahli.com,565836184,Manager
905,Kelly,Deanna,Reynolds,Customer Support,kelly.reynolds@Alahli.com,521514136,Administrator
906,David,Garrett,Simmons,Technical Support,david.simmons@Alahli.com,584225951,Administrator
907,Nicholas,Amber,Hogan,Billing,nicholas.hogan@Alahli.com,526546577,Agent
908,Ronald,Michelle,Jones,Billing,ronald.jones@Alahli.com,565444073,Manager
909,Michael,Steven,Schroeder,Customer Support,michael.schroeder@Alahli.com,532325574,Administrator
910,Carolyn,Jeanne,Villa,Customer Support,carolyn.villa@Alahli.com,590087064,Administrator
911,Bruce,Bradley,Mccoy,Customer Support,bruce.mccoy@Alahli.com,521295217,Manager
912,Tyler,George,Scott,Billing,tyler.scott@Alahli.com,582769845,Agent
913,Kimberly,Lauren,Andrews,Billing,kimberly.andrews@Alahli.com,552795883,Agent
914,Sharon,Kathleen,Morris,Customer Support,sharon.morris@Alahli.com,562805364,Agent
915,Danielle,Marissa,Bowers,Customer Support,danielle.bowers@Alahli.com,516124005,Agent
916,Linda,Leah,Owen,Customer Support,linda.owen@Alahli.com,541858399,Agent
917,Jenna,Frederick,Ramirez,Billing,jenna.ramirez@Alahli.com,561407632,Manager
918,Derrick,Kevin,Goodwin,Customer Support,derrick.goodwin@Alahli.com,569918017,Agent
919,Brandon,Jennifer,Salinas,Billing,brandon.salinas@Alahli.com,541201801,Manager
920,Andrea,Jerry,Burns,Customer Support,andrea.burns@Alahli.com,588437118,Administrator
921,Michael,Michael,Wolfe,Customer Support,michael.wolfe@Alahli.com,512623539,Manager
922,Nicholas,Melissa,Poole,Customer Support,nicholas.poole@Alahli.com,510495422,Administrator
923,Michael,Christopher,Hernandez,Technical Support,michael.hernandez@Alahli.com,589833802,Agent
924,Cassandra,Marvin,Bauer,Customer Support,cassandra.bauer@Alahli.com,520647566,Manager
925,Denise,Wendy,Marks,Customer Support,denise.marks@Alahli.com,530102141,Agent
926,Robert,Patrick,Phillips,Technical Support,robert.phillips@Alahli.com,583750559,Administrator
927,Gary,Sean,Gomez,Customer Support,gary.gomez@Alahli.com,582734447,Agent
928,Brittney,Roger,Thomas,Customer Support,brittney.thomas@Alahli.com,538415709,Manager
929,Linda,Caleb,Carter,Customer Support,linda.carter@Alahli.com,533225742,Manager
930,Michael,Derrick,Erickson,Technical Support,michael.erickson@Alahli.com,514882537,Administrator
931,Jose,Henry,Freeman,Customer Support,jose.freeman@Alahli.com,531429699,Agent
932,Sarah,Oscar,Jordan,Technical Support,sarah.jordan@Alahli.com,523327865,Administrator
933,Brittany,Stephanie,Rodriguez,Customer Support,brittany.rodriguez@Alahli.com,559457537,Agent
934,Caleb,Benjamin,Berry,Customer Support,caleb.berry@Alahli.com,574584030,Manager
935,Robin,Russell,Perez,Customer Support,robin.perez@Alahli.com,578691027,Agent
936,Amber,Ryan,Bates,Technical Support,amber.bates@Alahli.com,520533970,Agent
937,Edward,Alisha,Mcdonald,Customer Support,edward.mcdonald@Alahli.com,535109424,Agent
938,Matthew,Stephanie,Richardson,Customer Support,matthew.richardson@Alahli.com,560323144,Administrator
939,Lindsay,Tricia,Hayes,Technical Support,lindsay.hayes@Alahli.com,536920640,Administrator
940,David,Debbie,Khan,Customer Support,david.khan@Alahli.com,553839487,Administrator
941,Curtis,James,Murray,Billing,curtis.murray@Alahli.com,570661614,Agent
942,Margaret,Wyatt,Rocha,Technical Support,margaret.rocha@Alahli.com,560384573,Administrator
943,Barbara,Pamela,Johnson,Technical Support,barbara.johnson@Alahli.com,563613101,Agent
944,Valerie,Thomas,Johnson,Customer Support,valerie.johnson@Alahli.com,555352340,Administrator
945,Erica,Bruce,Shannon,Billing,erica.shannon@Alahli.com,586984153,Administrator
946,Brandy,Brandi,Terry,Customer Support,brandy.terry@Alahli.com,538795089,Manager
947,Sandra,Heather,Holmes,Billing,sandra.holmes@Alahli.com,575917107,Manager
948,Diane,Heather,Miller,Customer Support,diane.miller@Alahli.com,550595684,Administrator
949,Jeremy,Rita,Burke,Customer Support,jeremy.burke@Alahli.com,546341497,Administrator
950,Jessica,Jamie,Russell,Billing,jessica.russell@Alahli.com,530815496,Agent
951,Joshua,Matthew,Cunningham,Billing,joshua.cunningham@Alahli.com,566722296,Agent
952,Jennifer,Dana,Terry,Customer Support,jennifer.terry@Alahli.com,591243096,Agent
953,William,Tiffany,Mcmahon,Billing,william.mcmahon@Alahli.com,513540862,Administrator
954,Derek,Roger,Taylor,Billing,derek.taylor@Alahli.com,577348508,Administrator
955,Michael,Rhonda,Caldwell,Technical Support,michael.caldwell@Alahli.com,547752555,Manager
956,Lisa,Nathan,Blair,Billing,lisa.blair@Alahli.com,558017140,Agent
957,Jacob,Cory,Brock,Customer Support,jacob.brock@Alahli.com,568859132,Administrator
958,Luke,Adam,Watson,Billing,luke.watson@Alahli.com,540975490,Administrator
959,Jesus,Anthony,Bentley,Technical Support,jesus.bentley@Alahli.com,598920055,Manager
960,Kathleen,Eric,Johnson,Technical Support,kathleen.johnson@Alahli.com,542900764,Administrator
961,Dustin,Courtney,Mendoza,Billing,dustin.mendoza@Alahli.com,578987285,Agent
962,Whitney,Heidi,Best,Technical Support,whitney.best@Alahli.com,541273109,Administrator
963,Lauren,Darlene,Ochoa,Technical Support,lauren.ochoa@Alahli.com,575353006,Manager
964,Daniel,David,Golden,Technical Support,daniel.golden@Alahli.com,543318045,Agent
965,Heidi,Christian,Ramirez,Technical Support,heidi.ramirez@Alahli.com,516287499,Administrator
966,Robert,Erik,Weber,Customer Support,robert.weber@Alahli.com,592541674,Agent
967,Jennifer,Christopher,Ball,Billing,jennifer.ball@Alahli.com,517818682,Manager
968,Marc,Jordan,Romero,Customer Support,marc.romero@Alahli.com,592922805,Agent
969,Elizabeth,Kathleen,Adams,Technical Support,elizabeth.adams@Alahli.com,563013494,Manager
970,Haley,Sharon,Ortiz,Billing,haley.ortiz@Alahli.com,551928929,Agent
971,Anthony,Lisa,Thomas,Customer Support,anthony.thomas@Alahli.com,565402674,Agent
972,Amy,Hannah,Barnes,Customer Support,amy.barnes@Alahli.com,564989405,Manager
973,Daniel,Lance,Perez,Technical Support,daniel.perez@Alahli.com,595579702,Manager
974,William,Ashley,Keller,Customer Support,william.keller@Alahli.com,517097494,Manager
975,Rebecca,Sara,Bullock,Technical Support,rebecca.bullock@Alahli.com,537510308,Manager
976,Chelsea,Megan,Barnett,Billing,chelsea.barnett@Alahli.com,594841412,Administrator
977,Angela,Andrew,Jones,Customer Support,angela.jones@Alahli.com,515452350,Agent
978,Randy,Steven,Moore,Technical Support,randy.moore@Alahli.com,529543029,Manager
979,Rachel,Julia,Lamb,Technical Support,rachel.lamb@Alahli.com,555570226,Agent
980,Laurie,Elizabeth,Banks,Billing,laurie.banks@Alahli.com,526508075,Administrator
981,Justin,George,Barker,Technical Support,justin.barker@Alahli.com,583966517,Manager
982,Kevin,John,Navarro,Customer Support,kevin.navarro@Alahli.com,516979709,Manager
983,Joan,Katherine,Hoffman,Billing,joan.hoffman@Alahli.com,581062965,Administrator
984,Brandon,Brandon,Bryan,Technical Support,brandon.bryan@Alahli.com,540069490,Administrator
985,Michael,Christina,Taylor,Billing,michael.taylor@Alahli.com,590787415,Administrator
986,Derrick,Hannah,Li,Customer Support,derrick.li@Alahli.com,523743065,Administrator
987,Melissa,Michelle,Palmer,Billing,melissa.palmer@Alahli.com,568005531,Agent
988,Laura,Joshua,Foster,Technical Support,laura.foster@Alahli.com,562356802,Administrator
989,George,Kimberly,Rodriguez,Billing,george.rodriguez@Alahli.com,571044561,Administrator
990,Valerie,Tyler,Daniels,Customer Support,valerie.daniels@Alahli.com,582061031,Administrator
991,Jason,Amanda,Chapman,Customer Support,jason.chapman@Alahli.com,515071863,Agent
992,Dylan,Victoria,Hudson,Customer Support,dylan.hudson@Alahli.com,542109069,Manager
993,Samantha,William,Chavez,Technical Support,samantha.chavez@Alahli.com,549383340,Agent
994,Timothy,Dakota,Woodard,Customer Support,timothy.woodard@Alahli.com,587815951,Administrator
995,Julie,Victor,Nelson,Customer Support,julie.nelson@Alahli.com,534271543,Agent
996,David,Amanda,Brooks,Billing,david.brooks@Alahli.com,578581122,Manager
997,Janet,Jessica,Smith,Customer Support,janet.smith@Alahli.com,533411573,Manager
998,Katherine,Ashley,Davis,Customer Support,katherine.davis@Alahli.com,518112722,Administrator
999,Erica,Kevin,Spears,Billing,erica.spears@Alahli.com,585552700,Manager
1000,Tina,Rebecca,Jackson,Billing,tina.jackson@Alahli.com,584062158,Agent